"region","kön","ålder","inkomstklass","Medelinkomst, tkr 2002","Medelinkomst, tkr 2003","Medelinkomst, tkr 2004","Medelinkomst, tkr 2005","Medelinkomst, tkr 2006","Medelinkomst, tkr 2007","Medelinkomst, tkr 2008","Medelinkomst, tkr 2009","Medelinkomst, tkr 2010","Medelinkomst, tkr 2011","Medelinkomst, tkr 2012","Medelinkomst, tkr 2013","Medelinkomst, tkr 2014","Medelinkomst, tkr 2015","Medelinkomst, tkr 2016","Medelinkomst, tkr 2017","Medelinkomst, tkr 2018","Medianinkomst, tkr 2002","Medianinkomst, tkr 2003","Medianinkomst, tkr 2004","Medianinkomst, tkr 2005","Medianinkomst, tkr 2006","Medianinkomst, tkr 2007","Medianinkomst, tkr 2008","Medianinkomst, tkr 2009","Medianinkomst, tkr 2010","Medianinkomst, tkr 2011","Medianinkomst, tkr 2012","Medianinkomst, tkr 2013","Medianinkomst, tkr 2014","Medianinkomst, tkr 2015","Medianinkomst, tkr 2016","Medianinkomst, tkr 2017","Medianinkomst, tkr 2018"
"0114 Upplands Väsby","totalt","totalt 20+ år","totalt",232.3,237.5,240.9,246.7,253.3,262.9,273.5,276.5,278.5,285.3,292.2,296.4,302.6,307.4,316.0,323.9,332.2,213.9,218.9,221.4,225.0,231.3,240.0,249.7,254.1,255.7,261.5,267.5,271.8,276.8,284.0,292.7,300.5,308.7
"0115 Vallentuna","totalt","totalt 20+ år","totalt",241.9,247.3,252.5,261.5,270.0,283.1,294.4,303.2,304.9,314.1,323.2,329.9,338.2,344.4,356.2,366.9,376.8,217.3,222.2,227.6,234.0,242.0,253.8,264.5,271.1,276.3,284.8,294.3,301.2,308.4,314.5,324.5,334.8,343.9
"0117 Österåker","totalt","totalt 20+ år","totalt",247.1,251.9,257.4,267.3,276.6,287.6,299.7,303.5,307.7,316.7,325.0,333.3,340.3,345.2,354.6,364.5,373.8,218.1,222.6,228.2,234.4,241.6,251.4,261.9,269.1,273.2,278.9,285.7,294.3,299.7,305.7,313.4,323.6,332.4
"0120 Värmdö","totalt","totalt 20+ år","totalt",242.4,248.7,257.5,265.3,274.6,288.0,299.1,304.0,308.1,318.9,325.7,332.7,342.9,350.2,358.3,366.8,377.0,217.3,222.8,230.0,235.1,242.6,253.8,264.9,271.2,276.4,282.6,290.1,297.5,303.7,311.6,321.6,331.9,340.9
"0123 Järfälla","totalt","totalt 20+ år","totalt",241.6,246.0,251.6,256.5,264.0,273.1,281.3,284.4,285.7,291.7,299.1,303.4,308.7,312.5,321.6,330.3,338.2,219.3,223.7,227.8,230.8,237.6,245.2,255.5,259.4,260.5,265.1,272.4,277.4,280.5,285.4,295.6,305.0,313.5
"0125 Ekerö","totalt","totalt 20+ år","totalt",264.0,269.1,278.2,287.3,295.6,310.3,322.6,328.5,332.5,343.6,352.6,359.8,370.7,389.8,399.6,409.9,438.4,228.0,235.3,242.7,247.6,255.5,267.0,278.2,285.1,289.0,297.6,304.6,311.7,318.2,326.2,336.9,347.9,358.2
"0126 Huddinge","totalt","totalt 20+ år","totalt",230.3,234.9,240.0,246.1,253.5,263.1,272.1,274.7,278.5,285.9,294.6,301.1,306.3,311.9,322.1,331.3,340.1,209.7,214.7,218.8,223.1,230.0,238.1,247.4,251.7,255.2,260.9,269.1,274.7,279.9,285.6,295.8,305.3,313.4
"0127 Botkyrka","totalt","totalt 20+ år","totalt",197.9,202.5,207.4,210.7,216.9,224.4,231.9,234.0,236.8,242.0,248.2,253.8,257.4,261.1,269.0,277.1,286.2,185.6,190.6,194.4,196.7,201.7,208.6,216.6,219.5,220.7,224.3,231.1,236.6,240.0,244.6,253.8,263.2,271.2
"0128 Salem","totalt","totalt 20+ år","totalt",244.7,250.0,257.1,264.3,271.1,282.0,294.4,297.5,301.7,307.4,314.9,323.1,326.3,330.9,342.3,354.2,363.9,222.6,228.4,233.5,238.8,246.0,256.4,268.9,274.6,278.1,283.4,289.7,295.6,301.8,308.3,315.6,328.6,337.3
"0136 Haninge","totalt","totalt 20+ år","totalt",218.1,222.0,227.3,232.6,239.2,247.1,256.7,258.5,261.0,267.4,274.5,279.8,285.3,290.8,300.3,308.6,317.0,205.8,209.8,214.3,217.7,224.4,232.2,241.5,245.9,247.1,251.8,260.2,265.7,270.4,276.3,286.0,295.3,304.6
"0138 Tyresö","totalt","totalt 20+ år","totalt",247.2,251.5,256.5,264.9,274.5,287.2,298.5,300.1,304.4,311.1,319.6,328.6,335.6,342.4,352.6,363.8,375.8,223.0,228.2,232.1,237.3,244.7,255.2,265.4,270.9,273.9,279.7,287.8,296.0,302.0,310.1,319.6,329.3,338.6
"0139 Upplands-Bro","totalt","totalt 20+ år","totalt",224.3,229.7,235.0,238.9,245.1,255.6,265.2,267.2,269.9,277.4,284.7,291.3,296.3,300.3,309.9,318.9,326.5,209.3,213.7,218.4,223.2,227.8,237.2,247.1,251.2,253.4,259.6,267.4,273.1,278.1,283.5,292.2,302.2,310.8
"0140 Nykvarn","totalt","totalt 20+ år","totalt",240.0,245.9,256.2,264.3,272.7,287.4,299.9,296.1,303.9,312.3,321.0,326.7,331.4,340.4,352.3,362.8,373.9,222.6,229.1,237.7,243.8,252.2,264.9,277.6,278.5,283.4,290.7,299.7,308.7,311.9,321.3,333.8,346.7,356.9
"0160 Täby","totalt","totalt 20+ år","totalt",298.0,301.4,309.5,320.7,333.2,352.0,367.1,368.0,374.2,383.3,391.4,400.4,409.4,417.5,429.3,441.0,454.3,241.2,246.2,251.6,257.8,268.3,280.5,293.1,300.1,303.0,310.2,319.9,328.3,334.8,341.8,353.9,364.8,375.2
"0162 Danderyd","totalt","totalt 20+ år","totalt",371.0,368.5,384.8,401.7,418.7,447.8,463.5,460.1,476.4,486.7,490.4,503.0,520.1,529.6,544.6,555.6,581.5,250.8,255.4,265.7,272.2,284.3,294.6,308.0,315.4,318.0,326.3,337.0,346.2,354.2,359.8,370.8,383.8,395.0
"0163 Sollentuna","totalt","totalt 20+ år","totalt",271.2,277.0,283.3,293.3,303.7,319.4,334.0,336.5,340.8,350.8,359.5,366.1,374.2,381.8,392.7,402.1,412.6,229.3,235.4,240.8,244.8,253.1,264.0,275.9,281.6,284.0,291.1,300.1,308.1,312.2,319.0,329.7,339.2,348.0
"0180 Stockholm","totalt","totalt 20+ år","totalt",238.7,242.4,249.0,256.9,267.4,280.1,292.6,295.7,301.1,311.3,320.7,328.8,337.4,346.4,358.8,369.2,382.5,205.3,210.0,215.1,219.6,228.6,239.1,251.7,257.7,261.4,269.5,279.4,286.7,293.1,300.8,312.7,323.2,334.0
"0181 Södertälje","totalt","totalt 20+ år","totalt",202.8,208.5,213.8,217.8,224.8,231.6,237.1,233.4,237.0,244.1,250.6,255.2,257.0,262.0,269.4,277.6,288.4,192.3,197.6,201.4,204.8,209.8,215.2,222.0,222.3,221.2,227.0,234.0,238.8,240.7,245.9,255.1,264.0,275.7
"0182 Nacka","totalt","totalt 20+ år","totalt",271.9,275.9,285.2,296.6,307.8,325.9,337.5,340.7,346.4,357.3,365.6,372.9,384.3,392.6,406.5,416.1,428.2,224.9,230.6,237.5,243.2,252.1,264.0,275.4,281.4,285.5,294.9,304.8,311.0,319.1,327.8,339.2,349.9,361.0
"0183 Sundbyberg","totalt","totalt 20+ år","totalt",227.5,231.4,235.7,239.5,246.8,257.8,267.8,271.7,275.3,283.8,293.0,300.3,309.3,316.6,330.1,343.2,356.5,208.9,212.6,216.3,219.7,226.6,237.7,246.8,252.3,255.6,261.8,271.8,278.9,287.4,294.6,307.5,320.2,332.9
"0184 Solna","totalt","totalt 20+ år","totalt",230.1,234.9,240.2,246.6,257.4,270.1,283.2,288.5,293.3,301.0,310.4,319.3,328.7,334.4,346.6,359.2,370.4,209.2,213.5,218.0,223.3,231.8,243.7,257.0,263.7,267.4,274.7,286.1,296.1,304.0,311.1,323.2,335.6,347.3
"0186 Lidingö","totalt","totalt 20+ år","totalt",309.7,312.0,323.6,336.9,352.5,369.8,386.8,383.6,393.9,405.6,412.1,421.6,432.7,446.5,457.3,470.2,489.2,231.2,236.7,242.7,248.9,258.1,269.0,281.0,288.2,289.8,295.6,305.9,313.5,318.8,326.5,338.5,352.0,362.2
"0187 Vaxholm","totalt","totalt 20+ år","totalt",255.6,261.3,273.0,285.1,294.4,314.6,321.1,331.8,339.2,350.1,363.7,367.6,382.0,388.1,397.3,413.2,425.0,221.6,226.7,233.2,239.6,248.9,262.7,271.7,281.5,285.5,295.5,304.8,313.4,317.9,324.8,336.4,348.7,359.0
"0188 Norrtälje","totalt","totalt 20+ år","totalt",196.7,203.8,208.6,213.1,220.3,229.1,237.2,241.9,244.6,251.7,258.3,264.3,269.3,275.4,283.8,292.3,299.0,184.8,190.4,194.8,198.4,204.5,212.1,219.8,224.2,225.6,230.5,237.2,242.5,245.9,251.7,261.4,269.1,276.6
"0191 Sigtuna","totalt","totalt 20+ år","totalt",227.1,232.2,236.7,242.7,247.7,257.2,267.0,265.5,268.2,273.0,280.0,283.9,289.2,294.1,302.5,310.9,318.9,206.6,211.1,214.6,218.3,223.3,232.5,241.1,243.2,244.8,250.7,257.4,262.4,266.8,272.1,281.6,289.1,297.4
"0192 Nynäshamn","totalt","totalt 20+ år","totalt",211.9,217.1,222.9,229.5,233.6,241.1,248.1,252.3,255.5,261.8,269.4,274.3,279.5,285.6,295.7,303.2,311.2,199.9,203.1,210.0,212.7,216.3,222.6,231.9,236.7,237.9,243.5,251.4,256.2,259.6,265.6,276.2,283.5,291.5
"0305 Håbo","totalt","totalt 20+ år","totalt",239.9,244.3,249.6,255.2,264.0,274.7,283.1,286.2,289.0,296.2,304.6,310.1,316.2,322.8,331.2,341.1,349.0,218.5,224.7,228.7,233.4,240.7,249.8,260.3,264.8,267.5,274.0,283.5,288.8,292.3,299.8,309.0,318.5,326.6
"0319 Älvkarleby","totalt","totalt 20+ år","totalt",193.4,198.7,205.3,208.4,213.8,222.0,231.5,237.0,239.4,245.5,250.5,255.0,259.6,262.8,269.7,278.1,287.1,183.7,189.6,195.8,197.5,203.1,208.7,219.3,224.5,225.4,224.9,231.3,238.0,241.5,243.7,252.2,261.4,270.3
"0330 Knivsta","totalt","totalt 20+ år","totalt",245.5,252.4,258.6,267.1,276.0,288.6,299.6,303.1,308.5,322.2,332.0,338.0,345.2,352.0,363.8,372.8,382.0,217.8,223.9,229.7,236.4,245.1,256.3,268.2,272.6,278.6,289.4,300.1,305.2,312.9,320.4,331.8,342.2,353.7
"0331 Heby","totalt","totalt 20+ år","totalt",176.5,183.9,189.1,193.7,200.2,208.1,215.4,217.1,219.9,226.9,235.4,240.9,246.4,253.1,263.8,271.9,278.2,170.7,176.2,180.4,183.7,189.4,196.6,203.7,206.1,207.0,211.8,219.8,226.4,230.4,235.5,245.9,256.4,262.6
"0360 Tierp","totalt","totalt 20+ år","totalt",178.6,186.1,190.9,195.7,201.8,208.5,217.5,220.2,223.4,231.1,238.6,243.2,248.0,254.1,261.4,269.4,278.6,172.1,177.3,182.1,184.9,190.9,196.1,205.2,209.2,209.8,216.1,223.6,227.3,230.1,236.7,244.4,252.1,262.4
"0380 Uppsala","totalt","totalt 20+ år","totalt",207.2,213.8,218.8,223.4,231.1,240.0,249.6,253.2,256.2,263.9,271.7,279.0,286.2,293.2,303.6,311.2,318.8,191.0,196.8,200.9,204.1,210.7,219.4,229.2,233.9,236.2,242.8,250.8,258.0,263.7,270.9,281.7,289.7,296.7
"0381 Enköping","totalt","totalt 20+ år","totalt",198.1,206.4,211.9,216.6,224.4,234.2,242.7,247.8,251.8,260.6,268.5,276.2,279.8,287.5,296.6,304.6,313.3,187.2,193.4,198.6,202.5,208.7,217.7,226.2,233.4,234.9,241.0,250.3,256.3,260.3,268.4,277.2,284.9,293.2
"0382 Östhammar","totalt","totalt 20+ år","totalt",196.8,202.9,208.1,214.4,221.5,230.1,240.6,241.8,244.5,256.0,265.7,269.7,272.4,280.7,286.9,298.0,306.0,183.9,189.6,194.9,198.8,203.6,211.4,222.7,228.7,230.2,235.9,244.0,250.3,253.5,259.2,265.3,275.1,282.2
"0428 Vingåker","totalt","totalt 20+ år","totalt",182.3,188.7,193.1,198.1,204.3,212.2,220.8,224.0,226.2,230.7,235.7,241.8,244.8,250.0,256.8,263.2,268.9,178.6,183.5,187.9,191.3,197.7,203.6,212.5,218.5,218.1,221.7,226.2,231.3,231.8,236.3,243.6,249.1,254.6
"0461 Gnesta","totalt","totalt 20+ år","totalt",198.9,205.4,208.8,216.3,223.7,233.6,242.5,244.1,250.2,256.9,263.6,267.6,272.7,278.6,288.2,297.5,306.1,189.1,195.1,198.8,203.0,210.6,219.9,229.3,233.3,235.7,241.7,246.7,250.6,254.7,261.4,269.1,279.7,287.8
"0480 Nyköping","totalt","totalt 20+ år","totalt",200.2,208.2,213.2,219.8,227.3,237.4,246.5,249.4,253.0,259.9,266.7,273.3,278.0,284.1,293.0,300.4,309.5,187.5,194.4,199.2,204.1,210.9,219.4,228.7,233.1,235.5,241.9,247.7,254.5,258.9,264.5,273.3,281.3,290.2
"0481 Oxelösund","totalt","totalt 20+ år","totalt",205.8,213.2,218.1,223.5,227.9,239.6,250.3,251.3,250.7,256.0,258.8,265.0,268.1,271.0,275.7,282.7,290.4,196.6,202.2,205.2,209.6,214.0,221.2,231.4,234.0,234.4,239.5,243.4,249.0,249.3,250.4,257.0,263.1,271.8
"0482 Flen","totalt","totalt 20+ år","totalt",183.9,191.9,197.2,202.5,208.4,215.3,222.0,223.7,226.0,230.8,235.5,240.2,242.6,248.1,253.3,257.7,264.1,175.9,182.3,187.4,190.4,194.8,200.5,207.9,210.0,210.8,212.7,217.2,221.8,221.7,225.9,232.1,238.3,241.1
"0483 Katrineholm","totalt","totalt 20+ år","totalt",185.1,191.1,196.3,201.5,208.1,216.7,224.0,227.1,228.8,235.2,242.1,246.4,251.1,258.3,268.2,274.4,280.7,177.2,181.2,185.2,189.3,194.5,202.1,210.2,215.3,215.1,220.7,227.3,232.4,235.7,242.7,251.0,258.1,265.5
"0484 Eskilstuna","totalt","totalt 20+ år","totalt",186.2,194.3,199.4,204.8,212.0,220.7,228.6,228.3,230.3,237.1,242.8,249.2,253.3,259.5,269.0,275.9,284.5,177.9,185.4,190.5,195.0,201.8,210.2,219.4,220.0,219.2,224.7,230.6,235.4,236.6,243.6,252.9,260.2,267.3
"0486 Strängnäs","totalt","totalt 20+ år","totalt",214.4,220.1,228.1,233.9,240.7,250.8,259.2,262.5,269.2,274.3,283.6,289.0,294.3,302.1,313.5,321.4,329.4,196.4,201.8,208.7,212.5,218.2,227.6,236.5,242.7,246.1,252.5,260.6,265.8,268.4,277.8,286.8,296.6,303.9
"0488 Trosa","totalt","totalt 20+ år","totalt",225.2,231.4,239.3,249.9,255.7,267.1,278.5,279.2,286.7,294.0,302.6,302.7,306.6,315.3,326.0,335.3,344.1,206.7,212.6,219.5,226.2,233.2,242.3,253.7,255.5,262.2,268.7,275.9,276.4,280.9,288.2,299.2,305.0,316.4
"0509 Ödeshög","totalt","totalt 20+ år","totalt",169.1,178.6,183.2,187.7,196.8,202.7,210.1,213.6,216.6,223.5,229.4,234.5,240.0,245.2,254.2,262.2,270.0,163.0,170.1,174.8,177.5,185.2,191.3,200.0,201.9,204.1,208.9,212.7,220.8,222.3,226.8,237.7,244.0,252.7
"0512 Ydre","totalt","totalt 20+ år","totalt",172.8,184.9,187.5,193.0,198.9,207.9,216.5,221.4,224.8,229.0,234.0,240.9,246.2,252.4,262.1,273.1,280.5,168.3,177.7,180.4,181.6,189.2,198.5,210.8,217.8,217.2,217.4,224.5,230.6,234.6,240.4,251.7,260.4,266.3
"0513 Kinda","totalt","totalt 20+ år","totalt",175.7,186.0,192.8,198.8,204.2,213.3,221.2,226.3,229.9,238.0,244.1,249.7,254.4,261.6,271.5,281.1,289.2,169.4,176.8,182.0,187.4,192.9,199.2,208.6,214.3,216.8,222.1,228.6,236.0,239.3,244.5,255.5,264.0,272.3
"0560 Boxholm","totalt","totalt 20+ år","totalt",180.2,188.7,192.8,200.6,205.6,215.6,225.0,227.1,227.4,236.1,242.6,247.9,254.9,261.1,271.3,280.8,286.2,176.1,182.6,187.6,191.1,197.8,207.2,218.7,221.5,218.5,226.7,232.9,239.6,242.7,254.2,263.9,274.1,281.5
"0561 Åtvidaberg","totalt","totalt 20+ år","totalt",187.6,194.3,199.3,203.7,208.7,217.4,225.2,229.7,230.9,238.2,245.1,250.2,256.0,262.3,272.4,278.9,287.3,180.3,184.3,188.5,192.4,198.1,206.1,212.3,216.2,217.2,224.9,229.3,233.6,241.4,247.3,257.5,262.3,271.5
"0562 Finspång","totalt","totalt 20+ år","totalt",192.9,201.1,206.8,213.7,218.7,227.1,237.5,241.0,245.8,251.3,259.4,263.6,264.0,269.9,279.6,288.0,295.8,180.5,187.6,193.1,198.2,202.8,209.7,220.3,224.7,225.8,232.3,237.8,242.6,240.9,246.9,257.6,268.0,276.0
"0563 Valdemarsvik","totalt","totalt 20+ år","totalt",174.0,181.1,186.3,190.8,196.6,204.9,213.4,217.5,221.8,224.5,229.9,236.1,238.7,245.5,252.9,258.5,262.8,166.8,173.7,176.7,180.1,185.0,192.5,201.5,204.9,206.4,207.5,212.6,219.1,222.0,227.3,235.2,241.4,244.4
"0580 Linköping","totalt","totalt 20+ år","totalt",202.4,207.7,212.2,217.7,224.9,233.2,242.3,246.1,248.9,256.2,263.2,270.8,277.5,284.8,295.0,302.8,311.0,186.9,191.0,195.8,198.9,205.3,212.7,222.6,227.7,228.8,233.9,241.4,248.5,254.6,263.0,273.4,282.4,290.1
"0581 Norrköping","totalt","totalt 20+ år","totalt",188.6,196.0,200.6,206.3,212.8,221.3,229.5,233.2,236.4,243.4,250.5,256.7,261.5,268.9,278.5,286.4,296.0,177.7,183.7,188.0,191.5,197.8,206.1,215.5,220.2,221.4,227.0,234.3,240.4,244.2,250.6,261.3,269.2,278.5
"0582 Söderköping","totalt","totalt 20+ år","totalt",193.2,202.3,207.9,214.6,219.8,228.5,237.8,242.7,246.0,254.8,260.3,267.0,274.3,282.5,293.4,302.8,309.1,183.1,189.6,194.7,197.2,203.3,211.5,221.8,229.1,230.5,236.4,242.0,248.9,255.0,264.0,275.1,284.8,292.7
"0583 Motala","totalt","totalt 20+ år","totalt",189.2,196.2,199.9,204.7,210.3,218.6,225.1,228.9,230.6,236.6,243.0,250.4,255.0,261.8,269.7,277.4,286.1,182.6,188.3,192.1,194.7,200.2,208.3,214.1,218.2,216.9,221.6,228.0,235.4,238.8,245.6,253.5,260.6,269.0
"0584 Vadstena","totalt","totalt 20+ år","totalt",192.3,200.2,205.1,210.6,216.4,223.2,232.2,238.5,240.4,246.0,252.7,258.4,262.1,268.3,277.6,284.5,293.6,182.6,188.2,195.0,197.6,203.4,210.1,220.4,224.5,225.2,228.4,234.6,239.2,241.5,248.8,257.1,263.0,272.6
"0586 Mjölby","totalt","totalt 20+ år","totalt",185.5,194.8,199.0,203.4,209.8,220.2,229.6,232.9,234.7,243.0,249.6,256.8,262.6,269.7,282.1,291.4,299.4,179.8,185.8,191.7,194.1,201.4,210.5,220.5,224.6,225.0,230.8,239.0,245.0,250.0,258.7,270.3,279.4,289.1
"0604 Aneby","totalt","totalt 20+ år","totalt",178.6,188.5,194.1,199.5,207.0,215.6,224.6,227.6,231.7,238.0,243.1,249.7,256.1,262.9,273.4,283.0,290.6,175.1,182.8,189.5,193.4,200.0,209.3,218.5,221.6,225.6,230.0,236.0,242.2,248.1,253.3,266.3,275.9,282.5
"0617 Gnosjö","totalt","totalt 20+ år","totalt",207.5,217.2,222.6,231.9,234.0,239.7,246.5,242.6,244.4,253.7,262.3,268.5,272.1,279.0,289.1,298.7,305.1,198.9,204.0,209.0,213.4,221.1,229.4,238.1,237.5,239.6,247.4,256.5,263.1,265.6,273.0,279.5,289.7,298.6
"0642 Mullsjö","totalt","totalt 20+ år","totalt",188.3,196.0,202.4,208.4,215.6,224.6,233.4,233.1,237.5,246.3,252.3,257.2,261.9,268.8,277.9,286.1,294.9,186.2,192.7,197.6,201.4,211.3,220.2,229.6,229.9,233.3,239.6,246.8,252.2,253.5,259.3,269.7,272.9,285.9
"0643 Habo","totalt","totalt 20+ år","totalt",203.1,210.9,215.5,224.0,229.7,240.5,250.9,253.3,258.5,267.4,277.5,283.1,289.7,298.6,309.3,319.0,328.7,198.9,204.5,210.6,215.7,221.8,232.1,242.2,247.4,251.3,258.7,268.5,274.0,281.0,287.8,297.1,307.5,316.2
"0662 Gislaved","totalt","totalt 20+ år","totalt",201.4,204.8,209.9,217.0,221.4,231.5,238.8,236.8,239.8,246.9,254.7,260.4,265.4,271.0,280.4,289.5,298.0,194.2,196.5,202.7,207.6,214.2,224.2,233.3,233.4,235.2,242.8,251.2,255.6,259.8,266.2,278.0,286.5,295.6
"0665 Vaggeryd","totalt","totalt 20+ år","totalt",191.6,199.0,205.2,211.6,219.3,227.8,235.6,234.5,240.9,249.1,255.2,260.7,269.2,277.7,287.2,296.4,305.4,189.4,193.5,199.4,203.4,211.6,221.0,230.5,230.3,236.6,245.1,250.9,257.6,266.2,273.0,282.2,292.6,300.2
"0680 Jönköping","totalt","totalt 20+ år","totalt",197.2,204.7,210.8,216.3,223.5,232.8,241.8,244.5,248.0,255.8,263.7,269.4,277.0,284.3,294.4,303.6,313.1,186.9,193.4,199.4,203.4,210.8,219.9,229.6,233.6,235.9,242.9,251.3,256.8,263.5,270.5,281.0,290.8,299.9
"0682 Nässjö","totalt","totalt 20+ år","totalt",184.3,192.9,197.7,205.2,211.7,219.5,227.9,230.0,233.3,238.3,244.9,251.5,255.8,261.3,271.6,280.0,287.2,178.3,185.5,190.1,195.0,202.3,210.3,220.7,223.5,224.7,229.2,237.0,243.1,246.2,252.5,263.6,274.1,280.6
"0683 Värnamo","totalt","totalt 20+ år","totalt",201.0,207.7,213.7,221.1,227.6,236.3,246.5,244.6,247.9,257.1,266.3,270.8,278.2,284.3,294.7,304.3,314.0,193.0,199.3,205.6,209.2,217.1,226.3,237.3,237.1,239.2,248.0,255.8,262.4,268.0,274.0,285.0,294.5,304.8
"0684 Sävsjö","totalt","totalt 20+ år","totalt",173.9,184.2,190.4,197.0,202.5,210.7,219.5,219.6,223.6,230.3,236.4,240.3,245.8,252.3,262.6,270.7,279.1,169.3,176.8,182.3,187.2,195.3,203.9,215.3,215.1,219.4,224.9,230.8,235.8,239.5,248.0,257.1,266.4,275.1
"0685 Vetlanda","totalt","totalt 20+ år","totalt",183.2,193.0,199.1,206.4,214.0,224.4,231.6,231.1,235.8,243.0,249.1,254.1,261.1,266.4,276.6,285.2,292.2,179.6,186.2,192.1,197.3,204.5,215.8,225.2,225.9,228.1,234.8,240.7,245.5,252.6,259.0,268.1,277.6,283.5
"0686 Eksjö","totalt","totalt 20+ år","totalt",187.2,197.2,203.5,210.4,217.6,226.3,234.7,237.9,241.7,248.0,253.4,259.6,266.4,273.5,282.1,288.2,293.3,179.1,186.1,191.1,197.4,204.6,213.3,223.2,226.6,229.0,234.5,240.0,247.3,251.8,258.6,268.2,276.6,280.3
"0687 Tranås","totalt","totalt 20+ år","totalt",181.4,190.2,194.9,202.6,208.3,215.9,225.7,227.1,228.9,233.7,240.1,247.2,251.9,258.1,266.7,276.1,282.6,173.2,179.8,182.2,187.6,194.2,203.4,214.9,217.8,216.5,221.6,226.0,232.2,235.7,243.4,251.4,262.8,270.6
"0760 Uppvidinge","totalt","totalt 20+ år","totalt",178.5,186.8,194.9,200.8,205.0,214.9,223.5,223.1,228.2,234.5,239.7,244.1,250.2,253.3,262.7,271.6,278.9,176.4,182.1,188.1,190.7,197.2,208.5,217.9,216.5,220.0,226.6,230.8,235.0,239.3,245.3,254.2,264.7,272.5
"0761 Lessebo","totalt","totalt 20+ år","totalt",186.0,193.7,197.3,203.0,210.6,216.4,223.0,226.7,226.4,229.8,235.1,239.1,240.7,240.5,250.8,256.1,263.2,180.2,186.8,190.4,194.1,201.9,206.9,215.9,218.4,215.3,219.4,225.2,230.0,229.2,231.8,243.3,248.4,253.8
"0763 Tingsryd","totalt","totalt 20+ år","totalt",172.0,181.7,187.4,192.9,199.0,206.5,214.2,216.5,219.4,223.8,230.5,235.6,241.1,245.1,253.6,260.7,268.6,165.2,171.5,176.8,182.0,188.7,195.2,203.6,206.6,207.2,210.4,218.0,222.3,224.6,229.0,239.6,247.4,254.6
"0764 Alvesta","totalt","totalt 20+ år","totalt",185.8,194.2,200.7,207.3,214.0,221.5,230.6,231.9,234.6,240.8,246.9,250.5,254.6,259.9,269.5,278.5,285.7,180.0,185.5,191.5,196.7,203.3,212.5,223.0,224.4,224.7,230.6,237.9,242.3,245.7,251.8,261.3,269.4,276.5
"0765 Älmhult","totalt","totalt 20+ år","totalt",193.0,201.8,209.2,217.6,231.6,235.7,243.5,251.7,256.5,265.1,272.4,278.9,286.6,298.5,309.1,320.8,321.7,181.9,189.7,194.4,200.0,208.6,219.3,230.8,234.3,236.5,244.4,250.8,256.5,260.5,269.5,279.7,286.0,291.5
"0767 Markaryd","totalt","totalt 20+ år","totalt",176.8,184.9,189.4,195.9,202.6,208.4,213.1,215.7,215.9,222.2,228.8,232.4,238.1,243.9,252.1,256.4,265.5,173.1,179.3,183.8,187.1,193.0,200.0,205.1,207.5,205.0,207.8,215.0,219.0,223.0,229.1,239.0,242.8,251.0
"0780 Växjö","totalt","totalt 20+ år","totalt",196.8,203.5,209.4,216.4,224.5,233.4,242.1,244.4,246.9,254.6,262.0,267.4,273.8,279.3,289.2,297.9,306.4,187.4,193.0,198.6,203.9,211.9,220.5,230.2,233.9,235.1,241.6,248.9,254.3,260.0,265.6,275.9,284.2,292.8
"0781 Ljungby","totalt","totalt 20+ år","totalt",189.2,198.0,204.0,210.6,217.7,226.4,234.8,236.0,237.5,244.1,250.3,254.7,259.3,266.0,275.5,283.3,289.2,183.3,190.9,196.5,201.6,208.5,216.2,226.1,227.4,225.7,231.4,238.5,242.9,246.4,253.2,263.1,272.2,278.5
"0821 Högsby","totalt","totalt 20+ år","totalt",165.9,172.5,178.2,182.9,188.2,197.4,204.4,205.7,207.5,211.4,216.8,220.9,227.9,233.7,241.1,244.8,248.4,162.4,167.4,172.1,176.6,182.0,187.8,196.1,195.7,196.4,197.7,202.7,208.1,213.0,218.1,225.1,230.2,235.1
"0834 Torsås","totalt","totalt 20+ år","totalt",170.3,180.9,186.5,191.7,195.9,204.1,211.8,212.1,217.3,224.7,229.8,232.2,238.9,245.1,253.4,259.8,265.3,164.1,171.3,176.4,180.0,186.8,192.3,201.8,203.7,203.5,208.0,213.2,215.7,222.5,228.9,236.2,244.7,250.9
"0840 Mörbylånga","totalt","totalt 20+ år","totalt",185.2,194.6,201.3,207.4,212.2,222.0,232.5,237.5,241.3,248.5,255.6,263.7,270.3,275.7,286.2,292.8,301.2,179.3,185.5,192.3,196.5,202.7,210.4,220.8,226.5,229.6,235.5,242.7,249.0,252.9,261.0,270.7,277.9,286.2
"0860 Hultsfred","totalt","totalt 20+ år","totalt",172.9,181.5,185.9,191.8,195.4,203.5,210.5,211.5,216.3,221.9,227.2,233.1,238.0,245.3,249.8,254.3,260.6,169.0,175.7,179.4,184.2,188.7,195.5,202.2,203.7,204.7,212.4,216.1,221.4,223.8,229.7,238.8,244.1,249.2
"0861 Mönsterås","totalt","totalt 20+ år","totalt",187.1,196.0,201.7,206.8,212.1,223.3,233.7,235.3,238.5,245.2,250.9,255.9,260.6,268.3,277.3,282.0,288.3,182.7,189.3,194.4,197.4,203.6,211.9,224.1,225.7,225.2,231.4,236.4,240.6,244.4,252.5,261.2,268.6,274.3
"0862 Emmaboda","totalt","totalt 20+ år","totalt",185.8,193.4,199.3,202.8,210.3,218.3,226.9,227.9,230.3,236.2,240.3,245.1,250.7,255.0,261.6,267.6,274.4,179.1,185.0,189.6,191.0,199.0,205.4,214.5,216.7,215.8,222.6,225.2,230.5,233.7,239.7,247.3,256.0,258.8
"0880 Kalmar","totalt","totalt 20+ år","totalt",191.4,199.3,203.0,209.2,215.3,223.6,232.7,236.5,239.7,246.6,253.0,261.2,266.6,274.4,285.1,294.9,303.8,181.2,187.2,191.4,195.2,202.4,210.4,219.6,224.6,226.3,231.5,239.0,247.6,252.3,260.8,271.6,281.3,290.6
"0881 Nybro","totalt","totalt 20+ år","totalt",178.5,186.0,190.9,196.2,202.8,210.4,217.0,217.9,218.2,223.8,230.3,235.0,240.8,245.1,253.2,258.1,265.7,174.8,181.1,183.8,187.9,194.0,201.3,208.7,210.0,208.0,212.6,218.6,224.0,229.3,233.2,242.4,248.4,254.5
"0882 Oskarshamn","totalt","totalt 20+ år","totalt",197.9,206.7,213.0,218.3,223.4,234.3,245.5,248.0,252.1,259.2,265.4,274.2,280.8,287.6,296.3,302.9,310.9,189.8,196.7,204.0,207.4,212.8,222.9,234.8,239.2,240.0,246.8,253.3,261.3,267.9,276.3,287.2,295.3,302.0
"0883 Västervik","totalt","totalt 20+ år","totalt",182.0,190.8,196.2,200.6,205.8,213.1,222.5,225.7,228.3,234.8,241.5,247.4,253.3,259.7,267.0,273.9,282.5,174.8,182.2,187.2,189.3,192.9,199.9,209.8,213.2,213.9,219.7,225.9,230.7,233.9,240.0,248.4,255.8,262.6
"0884 Vimmerby","totalt","totalt 20+ år","totalt",179.8,190.2,194.4,200.2,207.1,214.3,222.7,225.8,228.9,234.9,241.7,246.6,252.2,260.1,267.2,276.0,283.9,177.6,183.9,189.4,192.3,199.6,207.1,216.5,219.0,219.4,226.4,231.9,236.9,243.1,251.2,259.7,268.5,274.9
"0885 Borgholm","totalt","totalt 20+ år","totalt",162.2,173.1,179.2,183.1,190.2,198.0,204.7,210.3,215.7,219.3,226.1,231.5,235.9,243.4,254.3,261.3,267.7,154.6,162.7,167.0,171.0,175.8,183.7,190.1,194.5,198.3,202.2,207.5,212.6,214.2,223.2,232.5,240.8,242.7
"0980 Gotland","totalt","totalt 20+ år","totalt",173.6,181.7,186.6,190.6,197.1,205.6,213.9,219.0,222.1,226.9,233.0,240.0,245.2,252.3,261.2,269.0,277.3,169.7,175.8,180.0,183.1,189.2,196.0,204.2,209.1,210.1,213.5,219.8,225.6,228.8,236.8,245.3,254.3,261.0
"1060 Olofström","totalt","totalt 20+ år","totalt",191.8,198.7,203.0,209.0,215.1,223.5,229.2,225.9,226.2,233.7,242.1,247.3,252.6,257.9,269.3,279.5,285.5,184.2,190.0,193.7,197.3,202.7,211.6,219.4,216.2,213.3,219.2,225.4,230.5,232.4,239.4,251.5,261.9,267.0
"1080 Karlskrona","totalt","totalt 20+ år","totalt",194.4,202.2,206.8,213.8,223.4,231.5,239.4,243.3,245.8,250.1,257.3,264.8,270.6,275.4,284.0,293.7,302.0,183.5,189.7,194.0,199.1,206.5,214.1,223.8,227.6,228.3,232.3,239.0,245.0,249.9,255.1,264.4,274.6,281.7
"1081 Ronneby","totalt","totalt 20+ år","totalt",182.0,191.3,197.8,203.2,210.4,219.1,226.2,227.7,231.1,236.1,241.6,248.5,253.0,255.1,263.9,269.7,276.4,173.6,181.8,188.0,191.4,197.7,204.3,213.1,214.8,216.3,220.2,226.6,231.6,234.4,237.0,245.5,252.9,257.4
"1082 Karlshamn","totalt","totalt 20+ år","totalt",190.8,199.4,204.4,210.4,216.0,224.0,233.1,235.8,237.2,242.7,249.3,254.6,260.0,265.3,275.8,284.8,292.8,180.6,187.5,191.9,195.7,202.2,209.1,218.5,221.8,221.3,224.6,231.5,235.8,238.9,244.6,255.9,264.0,271.9
"1083 Sölvesborg","totalt","totalt 20+ år","totalt",186.9,195.8,200.6,206.3,210.3,217.9,226.3,226.6,229.9,237.9,243.6,250.5,255.8,263.1,271.9,280.3,290.2,177.0,184.3,189.1,192.2,197.3,203.6,212.1,214.5,214.7,218.8,226.3,232.6,236.0,243.8,252.9,261.7,270.3
"1214 Svalöv","totalt","totalt 20+ år","totalt",183.7,190.1,194.4,199.9,206.9,215.4,226.5,228.1,231.4,237.5,243.3,249.9,256.4,260.5,271.7,278.2,287.2,177.8,182.7,186.0,189.0,196.3,203.5,215.5,217.6,220.2,225.9,230.7,234.9,241.2,248.1,259.1,265.8,275.0
"1230 Staffanstorp","totalt","totalt 20+ år","totalt",228.4,234.9,240.4,246.7,255.3,265.0,273.7,279.2,283.3,292.2,299.1,305.4,312.2,319.4,329.2,339.0,348.9,210.2,215.0,220.7,224.4,231.8,240.2,249.4,256.1,260.2,266.1,274.3,281.4,288.3,294.9,304.9,313.2,324.1
"1231 Burlöv","totalt","totalt 20+ år","totalt",193.9,199.1,203.6,207.5,215.1,222.4,227.6,231.9,232.5,237.7,244.9,249.5,255.0,258.0,268.3,275.1,282.1,183.1,187.8,191.7,194.9,201.6,207.1,214.9,217.8,217.2,220.8,227.6,232.9,235.0,237.8,248.1,255.1,262.5
"1233 Vellinge","totalt","totalt 20+ år","totalt",252.6,259.0,265.6,275.9,285.6,298.7,307.6,311.5,315.7,324.7,333.9,341.1,348.9,359.0,366.9,380.0,393.6,215.8,221.3,227.6,233.1,239.2,250.0,259.5,265.3,268.2,274.2,284.5,291.8,296.5,304.9,313.5,326.4,337.5
"1256 Östra Göinge","totalt","totalt 20+ år","totalt",182.0,190.7,196.4,201.1,209.5,217.6,224.7,223.1,225.0,230.6,235.9,240.8,243.0,246.8,254.9,257.1,264.6,179.0,185.6,189.9,193.4,199.8,207.0,214.1,213.6,214.4,217.4,224.1,227.9,228.0,232.2,240.6,245.6,250.2
"1257 Örkelljunga","totalt","totalt 20+ år","totalt",175.6,182.8,188.1,191.8,197.0,204.6,210.4,212.5,213.8,217.9,224.9,234.3,236.1,240.9,252.0,259.3,266.9,167.7,173.8,179.6,183.1,187.6,194.7,200.9,201.6,203.1,204.8,211.9,219.8,219.2,224.2,234.7,242.1,248.1
"1260 Bjuv","totalt","totalt 20+ år","totalt",183.5,191.1,195.1,198.2,204.1,212.5,218.4,220.3,221.8,228.5,234.5,239.9,243.8,248.3,256.8,266.0,269.6,181.7,187.7,191.2,194.0,198.0,204.3,212.4,214.7,215.0,218.8,226.2,230.9,233.7,238.7,247.6,254.0,258.8
"1261 Kävlinge","totalt","totalt 20+ år","totalt",219.1,226.0,232.5,241.4,249.8,261.7,272.8,277.4,282.8,291.0,299.3,306.1,313.2,321.4,331.5,341.9,354.3,199.8,206.0,210.6,217.0,224.8,235.1,246.7,252.4,257.4,264.0,271.8,278.5,283.6,291.3,302.1,311.4,321.2
"1262 Lomma","totalt","totalt 20+ år","totalt",254.1,265.2,274.1,285.1,297.9,313.1,327.3,333.6,341.5,353.0,362.2,372.5,380.3,388.7,401.3,412.8,428.5,217.1,226.4,231.7,237.0,247.7,258.5,271.0,281.0,286.0,294.0,304.2,313.1,320.6,330.0,342.8,354.9,364.6
"1263 Svedala","totalt","totalt 20+ år","totalt",213.9,220.9,225.6,231.3,238.3,249.2,259.1,263.9,268.2,275.8,283.8,289.9,295.5,303.8,312.3,323.5,331.5,201.3,207.3,213.0,216.8,223.5,232.5,243.1,250.8,254.6,261.1,271.1,275.1,280.2,288.3,296.9,307.0,315.1
"1264 Skurup","totalt","totalt 20+ år","totalt",186.1,193.8,200.1,206.9,215.4,221.2,229.2,232.3,235.5,242.5,249.8,256.1,261.1,270.0,276.9,285.3,294.3,176.1,182.2,188.5,191.6,198.4,206.2,214.3,218.9,221.5,228.3,236.6,241.0,246.3,253.6,262.8,269.9,278.6
"1265 Sjöbo","totalt","totalt 20+ år","totalt",174.1,182.0,188.0,193.6,199.9,208.5,217.7,222.0,226.6,232.7,239.4,246.9,251.6,259.0,268.5,275.3,283.5,165.9,172.2,177.4,181.1,187.4,195.1,205.5,210.9,214.3,217.8,224.2,231.4,235.8,243.8,251.6,258.7,266.5
"1266 Hörby","totalt","totalt 20+ år","totalt",173.3,181.7,187.6,191.2,198.6,207.0,215.2,219.3,223.4,231.7,239.9,245.3,252.4,258.5,266.5,273.7,280.7,165.9,172.6,177.8,181.6,187.6,194.7,202.5,207.2,211.7,217.2,225.2,230.1,235.2,242.2,250.3,257.0,263.7
"1267 Höör","totalt","totalt 20+ år","totalt",187.5,196.2,201.5,207.3,214.6,223.2,233.3,238.6,243.3,249.7,257.5,262.2,270.4,278.3,288.3,297.0,304.5,176.2,182.9,188.7,192.4,199.6,208.7,218.4,225.0,228.3,234.1,241.6,246.9,252.5,260.1,270.4,278.7,286.5
"1270 Tomelilla","totalt","totalt 20+ år","totalt",168.5,177.1,182.7,186.7,192.8,199.9,207.7,212.1,216.3,222.0,227.5,234.3,238.6,246.6,255.3,261.7,269.0,163.7,169.6,175.1,177.1,183.3,188.4,196.0,200.4,202.5,207.3,213.9,221.3,222.9,231.1,240.4,247.2,251.0
"1272 Bromölla","totalt","totalt 20+ år","totalt",192.5,199.9,204.0,208.8,215.9,222.4,229.7,228.9,231.3,236.0,242.8,247.7,251.7,259.8,269.9,276.7,284.2,184.8,190.3,195.2,199.6,204.1,208.9,218.6,218.6,218.4,222.9,229.0,233.1,236.6,243.8,255.4,263.7,270.3
"1273 Osby","totalt","totalt 20+ år","totalt",182.4,189.4,193.8,199.6,207.6,215.0,221.1,224.5,226.8,232.0,238.3,241.2,246.8,254.8,263.4,272.5,279.7,175.1,179.9,184.5,186.6,193.8,202.0,209.4,212.0,212.7,215.8,222.6,224.3,227.4,236.0,244.3,252.3,260.8
"1275 Perstorp","totalt","totalt 20+ år","totalt",187.1,196.4,200.4,205.4,208.4,211.4,218.6,219.3,217.4,221.8,228.0,232.4,234.5,239.5,247.3,253.2,259.2,175.1,180.0,182.0,184.9,189.1,191.3,198.9,199.9,197.7,200.2,205.3,211.2,211.9,212.8,224.1,231.9,234.4
"1276 Klippan","totalt","totalt 20+ år","totalt",178.0,185.1,189.9,193.8,201.5,208.2,214.5,216.8,220.0,225.5,231.6,237.3,241.8,245.5,254.7,262.4,269.0,169.3,174.7,179.2,182.5,187.9,195.3,202.1,205.8,207.1,210.7,217.1,221.0,222.9,227.5,237.2,244.1,249.7
"1277 Åstorp","totalt","totalt 20+ år","totalt",182.5,190.0,195.5,199.9,205.6,212.1,219.2,219.5,222.5,228.1,234.7,240.5,244.7,251.5,259.2,264.7,272.5,178.1,184.4,189.5,192.7,198.4,205.1,211.4,212.2,213.7,217.6,224.9,230.3,231.7,239.2,248.5,253.4,263.8
"1278 Båstad","totalt","totalt 20+ år","totalt",192.3,203.5,211.1,218.3,223.3,237.7,244.6,248.3,251.6,258.1,266.3,273.9,276.6,284.0,295.8,302.1,310.0,173.0,180.5,185.2,188.8,194.0,204.6,214.8,219.2,220.7,226.0,232.7,238.5,241.6,250.3,260.3,267.4,274.8
"1280 Malmö","totalt","totalt 20+ år","totalt",179.8,185.3,189.6,194.5,202.1,209.6,216.4,219.5,220.9,227.2,233.4,239.5,245.3,249.4,259.5,267.0,275.6,165.2,170.7,174.4,177.5,184.1,189.0,196.0,198.7,197.7,202.3,209.3,215.6,218.8,223.0,234.9,243.4,250.5
"1281 Lund","totalt","totalt 20+ år","totalt",202.9,209.3,215.2,221.0,229.9,240.6,250.0,253.0,256.2,263.4,271.1,276.7,281.8,287.0,296.3,303.2,311.6,183.3,188.5,193.4,196.7,205.5,214.3,224.2,228.2,227.9,232.3,239.7,245.9,248.4,252.5,263.4,270.9,278.3
"1282 Landskrona","totalt","totalt 20+ år","totalt",178.7,185.5,190.1,195.6,202.0,209.4,216.7,218.5,220.8,227.4,234.8,240.0,243.9,250.5,259.8,268.4,277.3,170.3,176.0,179.4,183.4,188.8,195.6,203.6,206.3,205.8,208.9,216.4,220.8,223.5,228.8,239.3,246.7,254.8
"1283 Helsingborg","totalt","totalt 20+ år","totalt",197.8,205.8,211.6,218.0,225.8,234.9,242.5,245.3,248.6,255.0,261.3,268.1,272.5,278.7,289.3,297.5,305.4,180.7,187.6,192.7,197.1,203.7,212.3,220.4,224.3,224.2,228.8,235.7,242.2,244.8,250.6,262.4,270.2,279.2
"1284 Höganäs","totalt","totalt 20+ år","totalt",212.3,220.6,227.8,236.3,242.8,253.1,262.6,269.7,270.4,278.0,286.6,294.7,299.5,307.1,317.0,323.8,331.1,187.6,193.6,198.8,203.1,209.6,218.8,229.0,235.2,236.4,241.2,249.1,256.8,261.8,267.8,278.0,286.1,292.4
"1285 Eslöv","totalt","totalt 20+ år","totalt",187.3,195.2,199.4,204.1,211.7,220.9,230.4,233.8,237.1,244.0,251.3,258.4,263.8,270.9,280.2,287.1,294.4,179.9,185.7,190.5,193.2,200.3,207.1,218.4,222.4,223.6,229.3,237.1,243.9,248.4,255.5,264.4,271.9,278.9
"1286 Ystad","totalt","totalt 20+ år","totalt",188.3,197.7,204.4,209.3,216.5,225.5,233.6,239.1,243.2,250.4,258.3,264.6,270.6,278.7,288.8,296.2,304.0,177.2,184.8,190.3,194.3,200.0,207.3,216.1,221.2,223.5,228.6,236.6,241.9,246.9,255.9,264.9,271.5,278.9
"1287 Trelleborg","totalt","totalt 20+ år","totalt",188.0,195.5,201.0,206.8,212.9,221.7,230.5,233.4,236.7,243.0,250.1,255.4,260.8,267.0,276.5,284.3,292.4,178.7,185.0,189.5,192.7,199.5,207.1,216.1,220.4,222.3,226.3,232.4,238.0,242.4,248.9,258.9,267.0,275.3
"1290 Kristianstad","totalt","totalt 20+ år","totalt",188.2,196.7,202.1,207.9,214.3,223.0,229.8,232.7,235.6,241.5,247.2,252.9,258.7,265.2,275.3,283.7,290.8,179.0,186.3,191.4,194.6,201.0,207.6,216.3,219.2,220.6,225.0,230.4,235.8,238.8,245.9,256.4,265.0,272.6
"1291 Simrishamn","totalt","totalt 20+ år","totalt",177.0,185.7,190.3,195.4,202.1,209.4,217.3,224.2,225.3,232.1,235.8,243.6,247.8,254.1,262.1,269.0,275.2,166.1,172.5,176.9,181.2,184.9,190.3,197.7,202.9,202.9,205.9,213.1,218.7,222.5,227.5,237.3,243.5,248.1
"1292 Ängelholm","totalt","totalt 20+ år","totalt",197.4,206.6,211.7,217.4,225.2,235.2,245.1,250.7,252.5,260.5,268.9,274.8,280.2,286.9,298.8,306.7,314.9,181.9,188.8,193.3,197.1,203.8,212.6,222.4,228.6,230.3,235.9,244.3,250.4,255.7,261.7,273.3,281.6,289.9
"1293 Hässleholm","totalt","totalt 20+ år","totalt",180.0,188.8,193.9,199.8,206.7,213.3,219.9,223.6,225.6,231.9,236.7,243.2,248.1,255.4,265.4,272.2,278.1,170.9,178.0,183.2,187.9,193.4,199.3,207.3,210.5,209.8,214.5,219.1,225.7,228.4,235.5,246.1,252.6,258.0
"1315 Hylte","totalt","totalt 20+ år","totalt",183.3,191.5,197.4,202.7,208.2,215.0,222.6,227.6,231.7,236.5,244.8,248.6,252.3,251.9,259.5,263.4,272.1,177.9,184.0,190.8,194.8,200.1,206.2,216.9,219.8,223.5,227.0,236.7,239.7,244.3,246.4,255.1,260.4,268.9
"1380 Halmstad","totalt","totalt 20+ år","totalt",188.6,196.4,202.3,209.7,216.3,226.5,235.2,238.5,243.2,249.4,257.2,263.2,268.3,274.1,284.6,292.9,300.3,178.4,185.4,191.0,196.6,202.9,212.2,222.1,226.5,228.3,234.9,242.9,248.1,251.7,258.0,269.9,278.2,286.0
"1381 Laholm","totalt","totalt 20+ år","totalt",176.8,185.3,191.3,197.2,204.1,212.7,221.5,223.5,228.5,235.4,243.0,248.9,254.5,261.2,269.4,276.7,284.9,168.1,175.6,180.7,184.4,191.3,199.8,208.4,211.8,214.6,221.4,229.1,234.9,238.5,246.0,254.3,261.6,270.0
"1382 Falkenberg","totalt","totalt 20+ år","totalt",179.5,189.0,195.0,201.7,207.6,217.3,225.7,230.4,234.0,242.2,249.0,255.8,260.7,266.1,275.1,282.9,291.2,172.5,179.8,185.6,190.2,196.1,205.2,215.8,221.0,222.7,230.0,237.7,244.9,248.3,254.4,263.4,269.4,279.0
"1383 Varberg","totalt","totalt 20+ år","totalt",188.4,198.1,204.5,212.6,219.6,229.2,240.1,245.5,248.6,257.8,266.2,272.8,280.4,288.5,298.6,307.2,318.0,177.7,184.9,191.6,196.9,203.8,212.6,224.1,229.9,232.9,240.3,248.8,255.2,262.0,271.8,282.1,290.5,300.3
"1384 Kungsbacka","totalt","totalt 20+ år","totalt",238.0,246.3,254.8,264.8,273.5,284.7,296.6,298.8,304.7,315.4,324.0,331.4,339.2,348.6,360.7,370.2,380.9,209.6,216.3,224.0,229.2,237.6,247.4,258.5,264.4,267.5,275.2,285.4,292.3,299.4,308.6,320.8,331.5,340.5
"1401 Härryda","totalt","totalt 20+ år","totalt",235.2,244.4,252.0,260.4,269.3,280.3,291.2,294.3,300.4,311.3,319.0,326.3,333.8,343.0,355.7,367.0,379.6,212.6,220.1,226.2,230.9,238.8,249.7,260.9,266.4,271.7,281.2,291.4,299.4,305.6,315.8,327.5,340.3,351.5
"1402 Partille","totalt","totalt 20+ år","totalt",229.2,238.2,244.8,251.9,259.4,270.5,280.6,282.4,285.6,295.4,305.1,312.0,320.3,328.0,340.2,351.3,361.2,207.8,214.4,220.9,225.8,232.6,243.0,253.9,257.9,260.5,269.6,279.7,287.4,292.6,303.0,313.6,325.6,335.1
"1407 Öckerö","totalt","totalt 20+ år","totalt",214.0,222.7,229.9,237.6,246.6,260.1,268.3,272.3,276.0,284.9,293.5,299.8,306.4,316.9,328.3,337.9,349.5,196.7,204.3,210.1,215.5,224.1,233.3,244.2,249.6,250.3,256.3,267.5,272.3,279.1,287.8,300.6,311.5,319.8
"1415 Stenungsund","totalt","totalt 20+ år","totalt",217.7,227.7,233.5,240.7,247.7,258.8,270.1,274.2,277.1,286.7,294.3,303.6,309.9,321.5,331.7,341.3,351.9,202.4,208.6,214.7,218.7,226.7,236.2,247.1,252.3,254.5,263.4,270.7,280.3,286.9,298.0,309.2,317.3,326.5
"1419 Tjörn","totalt","totalt 20+ år","totalt",211.5,220.0,228.5,233.5,241.1,251.7,260.7,266.7,271.1,277.4,285.7,293.7,301.7,311.2,322.4,332.4,340.3,193.5,199.6,205.4,210.1,215.7,225.7,235.1,241.6,245.3,250.3,258.8,266.5,272.0,281.5,292.9,303.9,310.7
"1421 Orust","totalt","totalt 20+ år","totalt",193.1,201.4,208.1,216.1,222.8,232.5,240.1,243.4,245.6,254.4,260.6,265.8,270.7,277.4,287.8,295.0,303.6,182.0,188.3,194.4,199.4,204.7,213.3,221.8,224.8,226.4,232.9,240.3,244.8,247.1,254.6,266.0,273.5,282.9
"1427 Sotenäs","totalt","totalt 20+ år","totalt",189.1,196.6,203.0,209.4,217.4,226.8,239.3,243.2,246.2,252.7,259.4,268.8,274.5,282.5,294.0,301.2,309.3,178.8,184.7,190.0,195.1,201.6,209.4,219.7,225.7,227.4,234.6,238.6,246.5,252.5,259.5,271.6,278.3,286.9
"1430 Munkedal","totalt","totalt 20+ år","totalt",174.5,183.7,189.3,194.4,200.8,207.7,215.7,217.9,220.2,226.0,234.0,239.2,245.0,253.1,263.4,269.1,276.6,170.3,178.2,183.5,186.1,191.5,197.1,204.5,206.9,208.6,214.5,222.2,225.5,229.5,237.6,249.1,255.6,260.9
"1435 Tanum","totalt","totalt 20+ år","totalt",174.7,184.0,189.9,196.5,201.9,209.0,218.0,219.6,222.0,229.3,236.8,243.0,249.3,256.9,265.8,271.7,278.3,168.8,175.2,180.8,185.4,191.7,198.7,207.0,207.9,209.3,215.5,223.4,230.4,233.2,240.2,251.5,257.3,262.1
"1438 Dals-Ed","totalt","totalt 20+ år","totalt",172.0,180.8,185.4,187.6,192.5,197.7,204.3,205.1,203.3,207.5,214.3,219.7,224.8,228.5,238.0,246.9,255.5,169.8,177.2,180.9,182.9,185.2,190.8,197.0,196.4,196.5,196.6,201.8,207.6,212.6,215.1,225.0,234.6,240.3
"1439 Färgelanda","totalt","totalt 20+ år","totalt",179.6,187.0,192.2,195.1,198.8,204.5,210.4,215.1,216.4,221.9,225.7,232.6,235.5,242.0,251.0,261.2,268.2,175.8,183.1,186.0,189.0,192.9,196.6,203.8,208.2,208.0,212.2,217.0,222.9,223.0,231.9,240.0,251.2,257.3
"1440 Ale","totalt","totalt 20+ år","totalt",206.1,213.9,220.3,225.5,232.1,242.2,251.7,254.8,258.1,265.1,273.3,279.5,285.3,295.5,306.8,316.2,326.3,198.7,206.4,211.2,216.3,221.3,231.1,240.7,245.8,248.5,255.7,263.3,270.6,275.3,286.3,297.6,307.8,317.0
"1441 Lerum","totalt","totalt 20+ år","totalt",231.9,238.5,245.2,254.3,263.3,272.4,283.2,285.5,289.7,299.2,308.3,316.1,321.7,331.9,343.5,353.9,366.0,210.1,216.8,222.2,228.0,236.0,244.9,257.7,262.6,267.8,276.6,285.1,293.3,298.3,307.5,319.5,329.7,340.0
"1442 Vårgårda","totalt","totalt 20+ år","totalt",190.7,199.1,202.8,207.3,213.5,222.0,228.8,231.6,234.7,241.7,249.0,253.5,259.8,267.7,276.9,286.7,294.6,186.5,194.4,199.8,202.5,208.2,215.2,224.6,227.6,228.9,236.2,242.3,246.5,251.9,260.0,269.2,279.3,287.8
"1443 Bollebygd","totalt","totalt 20+ år","totalt",211.7,218.5,226.1,232.8,239.3,250.7,259.6,261.0,264.6,274.1,280.4,286.6,292.9,302.5,309.1,320.0,332.3,199.1,206.4,213.0,216.4,224.1,232.4,243.2,246.4,247.9,257.6,263.3,269.2,275.8,285.3,294.9,306.1,315.5
"1444 Grästorp","totalt","totalt 20+ år","totalt",183.4,192.5,195.8,201.0,207.1,215.9,223.4,224.4,227.6,234.1,242.4,245.6,254.0,260.3,274.0,281.0,291.9,177.3,184.8,188.6,192.4,196.7,204.0,211.7,215.1,216.5,223.8,230.1,233.3,239.5,248.8,261.9,267.8,279.9
"1445 Essunga","totalt","totalt 20+ år","totalt",175.3,185.4,189.6,195.8,201.7,211.3,219.1,218.7,221.5,230.0,235.9,242.5,248.7,255.4,264.2,272.5,276.9,171.1,178.7,184.0,186.7,194.1,203.0,211.2,213.1,215.6,219.8,223.9,231.0,232.9,240.7,250.5,255.2,262.3
"1446 Karlsborg","totalt","totalt 20+ år","totalt",180.8,190.1,195.1,199.7,208.4,217.6,224.8,230.6,235.3,240.9,250.8,257.3,260.4,266.5,274.7,281.5,289.4,175.4,183.1,188.7,192.5,199.8,207.6,214.8,220.7,220.0,225.5,235.8,241.0,242.9,246.7,254.5,263.8,272.0
"1447 Gullspång","totalt","totalt 20+ år","totalt",171.4,179.6,184.9,188.9,193.9,201.1,205.6,209.5,210.7,215.3,221.0,226.6,229.9,235.7,244.9,249.6,258.3,168.8,175.7,179.6,182.5,187.8,194.4,199.3,202.7,199.4,202.7,210.0,215.1,215.0,219.2,228.5,232.7,238.9
"1452 Tranemo","totalt","totalt 20+ år","totalt",188.8,196.6,202.0,209.8,216.1,225.0,233.2,233.5,235.5,242.2,251.2,254.9,260.5,267.4,275.9,285.4,293.9,184.1,189.0,196.9,201.0,210.2,218.6,227.3,229.3,231.1,237.3,244.9,248.8,254.6,260.8,270.7,278.8,288.9
"1460 Bengtsfors","totalt","totalt 20+ år","totalt",176.6,183.4,188.1,190.3,192.6,196.8,201.7,204.9,205.2,212.0,219.9,226.9,230.8,235.1,242.6,250.5,257.8,171.8,177.3,180.8,183.0,184.7,188.9,192.6,195.1,193.7,200.1,205.7,214.8,214.9,220.0,229.1,235.1,242.1
"1461 Mellerud","totalt","totalt 20+ år","totalt",169.8,177.8,182.3,187.0,190.9,196.4,204.2,206.0,203.7,209.0,216.4,221.0,225.9,232.1,239.6,246.9,255.5,164.1,171.7,174.2,179.1,182.0,186.3,192.6,195.9,191.2,193.4,201.4,206.9,210.0,216.9,226.1,231.4,240.5
"1462 Lilla Edet","totalt","totalt 20+ år","totalt",192.2,197.9,203.5,209.4,216.2,223.4,231.6,232.1,237.5,244.9,251.7,255.9,259.1,267.9,278.9,288.6,296.7,186.7,191.8,196.0,201.6,205.7,214.3,221.8,225.0,227.7,234.5,240.7,245.6,248.4,255.7,268.3,278.5,286.7
"1463 Mark","totalt","totalt 20+ år","totalt",184.7,193.1,198.4,205.3,210.6,220.2,228.1,231.7,235.3,242.4,249.5,255.6,260.7,267.6,278.5,286.0,294.7,177.0,184.0,188.4,192.4,198.9,207.5,216.8,221.0,222.9,229.0,236.2,244.0,247.8,255.2,265.1,274.4,281.6
"1465 Svenljunga","totalt","totalt 20+ år","totalt",177.4,185.9,191.4,200.2,204.8,211.4,219.3,221.7,223.9,230.7,238.2,242.2,246.7,252.9,264.9,268.8,277.9,173.0,179.1,184.7,189.0,195.9,202.4,210.5,212.3,215.5,222.6,230.0,235.3,239.4,242.6,252.9,258.7,267.1
"1466 Herrljunga","totalt","totalt 20+ år","totalt",180.7,188.2,195.6,202.1,209.7,218.1,225.5,226.2,229.1,237.3,243.1,248.7,253.0,261.1,268.6,277.5,285.6,175.5,182.4,186.7,192.0,199.5,206.3,214.9,216.6,219.0,225.6,229.5,236.1,239.9,250.3,259.9,267.6,274.1
"1470 Vara","totalt","totalt 20+ år","totalt",173.2,184.2,189.0,196.0,201.1,211.0,219.9,221.1,223.3,230.7,238.7,243.8,247.1,254.7,263.4,270.8,278.3,169.5,177.7,181.9,186.4,191.7,201.0,211.2,212.5,213.9,221.9,228.6,232.8,235.3,242.3,253.3,261.2,270.0
"1471 Götene","totalt","totalt 20+ år","totalt",190.3,199.2,204.1,209.7,215.9,226.2,233.4,236.5,237.8,243.5,249.8,255.2,258.3,266.6,276.2,284.7,292.2,186.2,192.9,197.3,202.0,209.2,218.8,227.8,231.5,231.7,237.3,243.3,248.3,251.0,258.1,271.6,279.0,285.7
"1472 Tibro","totalt","totalt 20+ år","totalt",181.4,188.5,193.1,199.2,207.0,213.1,221.1,223.2,226.1,231.8,237.8,242.1,244.5,250.7,258.8,267.3,275.9,179.2,185.0,188.7,193.0,196.7,205.1,213.7,216.5,215.3,221.8,225.3,231.2,230.4,238.4,250.5,257.3,266.1
"1473 Töreboda","totalt","totalt 20+ år","totalt",167.6,176.9,181.7,185.1,190.4,199.8,206.7,208.2,211.8,219.6,227.2,233.3,237.1,241.0,250.1,256.9,265.6,164.8,172.1,176.5,178.2,183.0,190.6,199.0,200.5,200.6,206.1,212.9,220.0,221.8,225.8,235.0,241.2,248.8
"1480 Göteborg","totalt","totalt 20+ år","totalt",203.3,211.1,216.7,223.3,230.8,239.9,249.7,249.6,252.8,261.4,269.3,275.6,282.5,289.9,301.8,311.7,323.1,185.5,192.1,197.4,201.2,208.1,217.1,227.5,229.4,228.9,236.2,245.2,251.7,256.8,265.6,278.9,289.8,299.8
"1481 Mölndal","totalt","totalt 20+ år","totalt",226.5,233.3,239.9,247.4,255.8,267.9,278.0,280.7,284.1,293.7,303.9,310.1,317.0,326.3,337.2,346.8,358.5,207.6,213.7,218.8,224.6,232.4,243.4,254.9,260.3,262.7,270.8,280.3,288.0,294.9,304.2,316.6,327.0,338.4
"1482 Kungälv","totalt","totalt 20+ år","totalt",217.8,226.0,232.3,239.9,247.1,258.8,267.8,270.8,274.8,283.2,291.8,299.1,306.3,313.7,326.5,337.5,347.0,203.2,209.7,215.2,220.0,226.5,236.3,247.5,253.0,256.2,263.1,271.8,278.2,284.5,293.1,306.5,317.7,326.7
"1484 Lysekil","totalt","totalt 20+ år","totalt",190.0,197.8,204.7,211.8,219.1,227.4,234.5,237.5,240.5,246.5,253.5,262.2,266.6,271.7,281.6,289.8,298.3,179.3,185.5,191.1,195.4,200.8,207.8,216.0,220.1,220.8,225.8,234.3,239.1,243.3,249.6,260.0,267.5,273.7
"1485 Uddevalla","totalt","totalt 20+ år","totalt",190.5,199.3,204.1,210.5,217.1,225.9,234.5,237.2,239.8,245.8,253.7,259.1,264.5,272.2,283.8,293.5,300.9,182.1,189.4,193.3,198.4,204.8,212.8,221.9,225.3,225.8,230.3,237.2,241.6,246.6,254.7,267.2,277.5,284.4
"1486 Strömstad","totalt","totalt 20+ år","totalt",183.2,192.5,196.8,200.8,206.9,213.1,218.4,226.6,226.8,231.1,239.6,243.4,245.4,248.9,256.5,263.3,271.7,175.9,183.0,188.4,192.3,197.3,203.6,210.4,218.6,216.7,220.1,228.3,234.4,235.0,239.6,247.8,256.7,263.1
"1487 Vänersborg","totalt","totalt 20+ år","totalt",199.9,205.8,211.3,217.4,223.6,231.3,238.6,240.0,241.5,245.2,253.2,257.4,262.2,269.0,278.9,287.4,296.5,191.2,195.7,199.7,204.6,210.7,217.4,226.2,228.0,228.1,232.3,239.6,242.4,246.4,252.8,263.1,272.3,282.9
"1488 Trollhättan","totalt","totalt 20+ år","totalt",204.3,208.6,213.8,219.8,226.1,233.1,240.2,239.3,240.6,244.5,253.1,254.9,260.8,269.9,281.6,291.0,299.6,192.9,198.5,201.6,206.2,212.7,218.3,225.9,227.3,225.4,230.0,235.3,234.9,239.4,248.9,262.4,272.2,281.3
"1489 Alingsås","totalt","totalt 20+ år","totalt",202.5,211.2,215.4,222.8,227.4,236.3,246.4,249.3,252.0,258.4,267.6,274.7,281.2,290.6,300.2,309.1,318.4,188.8,196.2,201.2,205.7,211.5,218.8,228.3,231.6,232.4,239.6,248.4,255.0,260.7,268.0,277.9,288.1,297.1
"1490 Borås","totalt","totalt 20+ år","totalt",192.3,200.0,205.8,213.3,217.9,227.2,236.1,238.1,242.1,249.7,257.0,262.1,267.3,273.6,284.1,293.7,304.2,183.9,189.5,195.1,200.5,206.3,214.5,224.1,227.2,229.5,237.3,243.3,248.3,252.5,259.8,270.1,279.3,288.2
"1491 Ulricehamn","totalt","totalt 20+ år","totalt",185.8,194.6,200.4,207.2,212.5,221.7,230.4,232.2,235.4,243.9,251.7,258.3,263.5,271.0,281.4,289.8,299.8,180.3,186.8,193.4,197.5,203.3,212.4,222.1,226.6,227.8,235.2,241.3,248.5,253.8,260.8,272.4,278.9,289.5
"1492 Åmål","totalt","totalt 20+ år","totalt",182.6,190.7,196.1,201.2,204.1,210.2,214.7,215.8,216.4,223.7,230.5,236.1,239.9,242.2,248.4,257.1,264.1,175.5,181.5,186.0,190.1,192.2,196.7,203.4,205.8,203.7,207.3,213.2,218.4,220.8,223.7,230.2,238.9,244.6
"1493 Mariestad","totalt","totalt 20+ år","totalt",186.1,194.9,201.0,205.5,211.8,220.0,226.9,230.0,232.7,239.2,244.0,250.7,255.0,263.1,273.7,283.6,290.4,181.2,188.5,193.9,198.4,203.3,211.5,218.3,221.1,221.4,226.3,230.8,238.2,240.0,247.1,258.6,270.1,275.6
"1494 Lidköping","totalt","totalt 20+ år","totalt",192.3,201.6,207.1,214.0,221.3,230.8,241.0,243.6,247.3,253.0,259.9,265.3,270.0,277.2,288.8,298.7,306.8,183.9,191.5,196.7,202.4,209.1,217.2,228.1,231.3,232.4,238.5,246.1,250.8,254.3,263.0,274.5,285.2,294.1
"1495 Skara","totalt","totalt 20+ år","totalt",191.5,200.6,205.6,212.2,216.7,225.4,233.4,236.4,239.6,243.9,250.0,253.5,258.1,266.4,275.4,284.5,293.0,186.1,193.8,198.0,201.8,207.1,213.7,223.4,227.5,228.4,231.7,237.3,238.3,245.0,252.2,262.7,274.7,281.9
"1496 Skövde","totalt","totalt 20+ år","totalt",194.6,202.1,208.8,214.6,221.9,231.4,242.1,242.4,244.8,256.9,264.1,269.1,274.9,282.4,292.3,301.7,313.2,187.5,193.4,199.1,204.4,211.1,220.3,232.6,233.7,234.8,244.8,252.8,258.2,264.0,271.6,281.3,290.7,302.6
"1497 Hjo","totalt","totalt 20+ år","totalt",182.4,189.8,196.7,201.5,209.5,217.6,227.5,228.4,230.5,236.4,244.0,249.8,254.1,262.4,272.6,281.0,288.2,174.6,183.3,188.1,192.3,199.0,207.9,218.4,219.0,218.3,223.9,229.9,237.6,240.0,247.1,258.5,267.2,276.5
"1498 Tidaholm","totalt","totalt 20+ år","totalt",177.8,187.9,193.1,198.1,203.5,213.8,220.2,223.3,222.9,231.4,238.3,243.8,248.2,254.6,264.6,272.2,282.2,176.6,184.3,189.0,192.0,198.0,207.1,214.8,218.1,214.8,223.9,229.6,236.4,239.6,246.5,256.7,266.4,275.9
"1499 Falköping","totalt","totalt 20+ år","totalt",180.2,187.8,193.8,200.3,206.2,214.8,224.3,226.3,227.5,234.4,242.0,246.6,253.0,257.1,267.3,276.4,283.5,175.1,181.0,186.2,191.7,197.3,206.4,216.8,219.1,218.9,224.9,232.1,237.4,240.4,245.9,256.2,265.6,273.7
"1715 Kil","totalt","totalt 20+ år","totalt",187.7,196.6,202.9,209.0,212.6,219.8,228.0,229.6,233.1,239.8,246.9,250.7,255.7,263.4,275.0,283.9,293.0,181.0,189.2,194.3,198.6,203.7,209.6,219.7,221.8,223.5,229.8,238.5,242.4,245.3,253.0,263.6,271.4,281.1
"1730 Eda","totalt","totalt 20+ år","totalt",172.4,178.6,183.9,185.5,190.5,197.3,204.8,205.1,201.6,208.7,213.8,217.7,220.8,224.1,233.7,240.4,250.7,168.9,173.4,177.1,178.4,183.8,188.3,196.8,197.2,189.3,196.0,200.7,206.9,207.2,211.5,221.4,229.4,237.7
"1737 Torsby","totalt","totalt 20+ år","totalt",167.5,176.7,183.1,187.2,190.3,196.6,202.7,207.8,210.9,217.8,223.6,230.3,234.4,240.6,249.1,255.9,265.3,163.6,170.7,175.7,178.9,183.5,188.5,195.6,200.6,202.3,206.3,213.4,219.5,222.2,227.0,235.7,243.3,251.0
"1760 Storfors","totalt","totalt 20+ år","totalt",184.0,192.4,198.0,200.5,208.5,214.7,220.8,222.6,222.9,229.4,238.0,241.7,243.7,251.7,261.8,269.1,274.4,177.6,182.6,186.4,189.7,196.0,202.3,209.9,214.6,211.2,218.1,225.2,226.5,229.7,235.6,244.6,251.6,261.5
"1761 Hammarö","totalt","totalt 20+ år","totalt",223.9,232.7,239.2,247.3,253.7,263.2,272.9,275.9,281.6,290.1,296.3,302.4,311.6,319.8,332.2,343.4,353.8,204.7,213.0,219.7,224.8,231.8,239.0,251.5,258.0,264.0,269.8,277.7,284.4,292.9,300.1,311.9,324.9,335.2
"1762 Munkfors","totalt","totalt 20+ år","totalt",176.4,184.7,189.3,193.8,195.6,199.3,204.8,204.7,207.5,217.0,222.4,222.9,228.6,233.9,244.5,248.1,256.7,172.3,177.5,183.4,184.3,186.4,190.9,195.4,198.4,197.0,202.7,206.7,211.1,212.6,221.1,231.7,236.1,247.5
"1763 Forshaga","totalt","totalt 20+ år","totalt",186.4,195.4,199.8,204.0,210.8,216.9,222.7,226.6,229.5,235.6,241.0,245.8,250.1,257.9,270.8,278.9,284.3,179.7,187.2,192.0,196.6,202.3,207.5,215.6,221.4,220.0,223.8,231.3,236.4,239.2,249.1,260.9,268.6,273.4
"1764 Grums","totalt","totalt 20+ år","totalt",187.3,196.2,203.7,205.6,210.9,217.0,223.0,225.7,228.2,233.4,238.6,243.2,246.0,253.9,262.5,270.8,280.4,178.1,184.3,190.4,193.8,198.3,204.5,212.1,216.5,215.3,219.3,223.5,228.3,229.5,234.9,245.2,254.3,260.7
"1765 Årjäng","totalt","totalt 20+ år","totalt",164.3,172.0,177.4,182.4,185.7,189.8,195.2,197.7,195.4,200.0,210.2,214.1,216.4,220.8,229.5,235.8,243.5,161.7,168.2,173.7,178.7,182.9,186.1,191.9,194.0,189.3,194.2,206.3,209.8,209.3,215.1,222.1,227.4,236.2
"1766 Sunne","totalt","totalt 20+ år","totalt",173.1,182.9,188.4,192.5,198.4,205.5,211.1,215.3,219.3,225.9,233.5,237.5,240.9,247.3,257.6,265.8,276.1,168.6,176.2,180.8,184.5,190.1,196.2,202.3,206.1,209.5,214.6,221.5,227.2,227.6,234.0,245.2,254.7,264.4
"1780 Karlstad","totalt","totalt 20+ år","totalt",194.6,202.6,208.4,214.7,220.9,228.0,236.6,239.9,242.4,248.9,256.1,261.7,266.9,275.0,285.2,294.5,302.8,184.5,192.5,197.5,202.1,208.7,215.5,224.9,230.0,230.4,236.2,243.1,248.7,252.1,260.1,270.3,279.4,287.7
"1781 Kristinehamn","totalt","totalt 20+ år","totalt",186.1,193.9,198.1,203.3,209.6,215.8,222.5,224.5,226.3,230.2,236.6,240.5,244.9,251.2,258.5,266.1,274.4,178.3,183.9,187.9,191.7,197.8,202.8,209.9,213.3,213.5,215.1,221.6,226.2,227.5,233.6,240.7,249.5,256.4
"1782 Filipstad","totalt","totalt 20+ år","totalt",176.6,186.0,187.6,191.8,197.1,202.2,208.5,211.5,213.5,218.9,225.2,229.0,230.6,234.2,241.9,247.5,253.0,171.5,177.0,180.0,183.9,189.0,193.8,201.2,204.0,202.1,207.0,211.9,216.5,216.3,219.9,226.7,233.0,236.0
"1783 Hagfors","totalt","totalt 20+ år","totalt",180.9,189.6,193.9,198.5,200.7,208.5,215.2,212.4,216.8,223.1,230.2,235.3,239.3,247.0,255.4,264.5,270.9,174.0,180.4,185.4,188.1,190.7,195.6,203.7,205.8,207.0,210.4,217.7,223.8,227.4,233.1,243.8,250.5,257.1
"1784 Arvika","totalt","totalt 20+ år","totalt",177.4,186.0,191.9,197.5,204.0,212.3,220.1,220.3,222.4,229.2,235.8,240.1,244.7,250.5,259.1,266.7,276.2,171.3,178.5,184.1,188.3,195.4,202.1,212.8,213.2,212.6,218.0,224.4,227.8,233.0,238.6,246.9,254.8,261.8
"1785 Säffle","totalt","totalt 20+ år","totalt",180.4,189.2,194.9,199.1,203.2,209.3,215.5,219.1,219.7,223.8,231.3,237.1,235.5,241.0,249.1,257.4,264.1,172.5,178.0,183.3,186.8,190.7,196.0,201.6,206.8,204.7,207.9,214.3,218.2,216.8,222.5,231.5,238.8,244.9
"1814 Lekeberg","totalt","totalt 20+ år","totalt",188.6,194.0,198.5,204.0,211.3,221.7,229.9,233.2,238.7,245.3,251.1,258.5,263.9,272.8,283.2,296.3,307.5,182.5,188.1,190.6,195.2,201.4,212.8,221.4,225.7,228.0,234.2,241.5,248.6,253.2,263.5,272.8,285.8,293.7
"1860 Laxå","totalt","totalt 20+ år","totalt",186.7,192.2,196.1,201.3,208.3,217.3,224.8,226.7,231.7,239.3,246.0,250.9,247.3,253.6,263.7,269.4,277.0,180.8,184.8,189.0,191.6,195.3,204.6,213.6,215.1,217.2,225.4,229.6,234.2,228.0,236.6,243.7,251.2,258.6
"1861 Hallsberg","totalt","totalt 20+ år","totalt",189.5,195.1,201.2,207.3,212.7,219.8,228.6,230.7,232.0,239.9,246.1,252.0,257.6,263.4,270.4,277.8,286.0,183.5,187.9,192.9,197.2,202.2,209.8,218.3,220.7,218.9,226.5,233.1,238.6,245.2,249.5,256.7,265.5,271.4
"1862 Degerfors","totalt","totalt 20+ år","totalt",192.5,200.4,203.4,207.4,212.4,222.0,229.3,229.9,230.4,235.3,242.5,244.8,249.9,253.6,262.0,267.9,273.2,182.4,189.1,191.6,195.3,200.4,208.6,215.7,219.7,217.6,219.0,226.8,229.3,231.6,237.3,245.7,252.1,256.5
"1863 Hällefors","totalt","totalt 20+ år","totalt",174.9,183.3,190.2,192.3,199.4,204.9,213.1,211.7,213.1,219.5,224.8,232.1,235.8,237.8,247.4,253.8,260.7,171.2,178.7,185.3,186.8,193.4,197.3,205.7,206.0,206.1,207.6,212.4,219.7,219.6,223.5,234.5,239.4,244.2
"1864 Ljusnarsberg","totalt","totalt 20+ år","totalt",173.4,181.3,184.8,188.9,192.2,198.7,205.7,208.6,210.9,216.5,222.7,229.0,233.5,236.3,241.6,247.3,251.8,166.7,174.1,176.8,179.1,183.8,187.1,192.3,198.0,195.3,200.8,206.6,211.8,213.0,215.7,222.2,225.5,229.4
"1880 Örebro","totalt","totalt 20+ år","totalt",192.1,199.0,203.9,210.7,217.6,225.7,235.3,238.7,241.1,248.5,256.0,262.8,268.3,275.3,284.3,292.1,299.9,183.1,188.4,193.5,198.1,204.7,213.3,223.6,227.6,227.9,234.6,242.8,248.7,252.5,259.0,268.9,276.6,283.0
"1881 Kumla","totalt","totalt 20+ år","totalt",197.7,203.8,205.7,210.7,217.8,226.5,235.3,238.6,242.5,248.2,256.7,261.8,268.4,276.0,287.1,295.6,304.7,195.9,199.0,201.6,204.9,211.6,220.4,230.7,234.3,233.9,240.3,248.4,253.1,258.8,265.8,276.0,284.3,292.6
"1882 Askersund","totalt","totalt 20+ år","totalt",185.7,193.9,199.3,204.2,210.9,220.7,227.7,232.1,236.0,243.3,250.6,258.5,264.3,271.0,280.3,288.1,295.7,179.0,184.9,191.0,193.9,199.1,205.9,214.5,217.9,220.0,225.8,232.5,240.1,245.5,249.5,256.9,267.7,275.5
"1883 Karlskoga","totalt","totalt 20+ år","totalt",200.8,209.6,214.5,220.4,226.3,234.9,242.4,245.5,245.6,250.8,258.8,262.7,265.7,271.5,279.0,287.0,296.0,188.7,194.2,200.0,203.8,208.8,215.9,224.8,228.1,224.7,229.1,238.1,241.6,242.5,248.7,256.8,264.2,273.5
"1884 Nora","totalt","totalt 20+ år","totalt",192.3,199.9,205.9,213.1,218.1,228.6,237.6,238.7,241.6,246.2,254.2,259.5,263.3,269.0,276.4,283.8,291.9,182.0,187.0,192.5,199.1,204.0,213.1,221.9,223.1,223.4,229.2,236.1,240.4,243.8,248.0,255.3,263.5,269.7
"1885 Lindesberg","totalt","totalt 20+ år","totalt",188.5,197.2,202.3,207.9,213.6,223.4,230.0,230.8,232.4,241.3,249.3,253.1,258.4,263.9,272.3,280.2,286.9,180.1,187.9,191.9,196.3,202.4,211.7,220.9,220.7,220.9,227.8,235.5,239.2,240.4,246.7,256.0,265.4,270.3
"1904 Skinnskatteberg","totalt","totalt 20+ år","totalt",185.8,190.9,196.4,201.6,206.8,213.6,220.8,221.0,225.2,231.8,237.0,245.1,247.5,250.4,262.8,272.0,278.5,180.2,183.3,185.8,191.5,194.5,201.4,210.8,212.1,210.8,215.9,224.0,230.7,230.2,231.4,242.4,249.9,259.6
"1907 Surahammar","totalt","totalt 20+ år","totalt",200.1,207.3,211.8,215.4,221.7,230.1,238.0,237.5,239.0,245.8,252.4,256.1,259.4,265.9,273.3,282.5,288.9,193.8,199.8,203.0,206.6,211.8,218.2,228.7,231.6,228.9,233.1,239.2,242.1,243.8,251.8,259.2,265.2,274.8
"1960 Kungsör","totalt","totalt 20+ år","totalt",195.1,202.6,207.8,214.7,221.0,230.4,236.9,237.4,238.7,247.3,253.9,255.6,258.5,264.6,271.7,277.6,284.9,186.1,193.1,198.6,203.1,210.2,217.9,225.1,226.8,225.6,232.1,239.5,241.2,242.5,248.8,258.1,261.4,269.4
"1961 Hallstahammar","totalt","totalt 20+ år","totalt",191.0,198.9,204.0,208.0,213.7,221.7,230.1,229.8,231.7,239.0,246.2,250.1,254.8,261.9,272.1,280.7,286.7,184.6,193.0,197.2,199.6,204.6,212.1,221.5,222.4,222.3,226.6,233.1,236.2,239.5,248.2,257.4,266.4,273.1
"1962 Norberg","totalt","totalt 20+ år","totalt",188.9,195.8,201.0,206.0,211.0,218.3,229.2,230.5,231.4,237.4,247.6,253.0,256.2,263.9,274.1,281.8,288.8,179.6,187.2,189.8,194.6,199.1,206.1,216.6,220.0,220.8,222.5,231.9,238.1,239.0,245.0,256.3,262.2,265.8
"1980 Västerås","totalt","totalt 20+ år","totalt",207.5,214.8,219.8,225.8,232.8,243.0,252.7,257.3,259.6,267.0,276.0,282.1,287.7,293.7,303.3,310.7,319.9,190.9,196.9,201.9,205.6,212.2,220.6,230.7,236.1,237.3,243.0,250.9,257.3,262.0,268.5,278.5,285.5,294.5
"1981 Sala","totalt","totalt 20+ år","totalt",182.3,190.1,194.4,200.0,205.5,214.9,224.5,227.4,230.7,236.2,242.7,249.1,253.7,259.7,269.4,277.4,285.0,174.7,180.8,185.1,188.3,195.2,203.5,213.3,218.0,219.2,223.6,230.9,236.6,239.8,244.6,254.6,261.8,270.6
"1982 Fagersta","totalt","totalt 20+ år","totalt",200.1,207.4,212.2,219.9,225.6,233.8,242.3,240.6,241.9,249.0,257.1,261.1,264.7,267.4,274.5,282.5,289.7,189.2,195.2,199.7,203.8,208.7,217.7,229.0,228.8,227.2,231.4,239.6,245.8,249.2,250.5,256.6,267.5,271.2
"1983 Köping","totalt","totalt 20+ år","totalt",188.7,197.0,204.6,208.9,213.6,223.3,231.8,229.1,230.6,241.3,248.2,252.8,258.8,265.7,273.9,282.8,289.5,182.6,190.6,195.5,199.0,202.6,211.3,220.0,219.2,217.6,224.7,232.1,236.6,242.0,248.7,257.5,265.6,272.9
"1984 Arboga","totalt","totalt 20+ år","totalt",189.5,196.4,200.7,206.1,211.9,219.3,228.5,228.8,231.2,238.7,245.2,250.0,253.1,259.1,268.0,276.8,285.7,182.9,188.0,193.6,197.1,201.3,207.6,216.4,219.3,216.6,221.5,228.3,233.6,234.9,241.2,251.0,259.3,266.9
"2021 Vansbro","totalt","totalt 20+ år","totalt",169.5,177.2,182.5,188.0,193.0,198.1,204.1,206.7,209.5,214.1,221.5,227.1,235.0,240.4,250.9,255.4,263.0,167.0,173.6,177.3,180.5,184.2,187.2,193.1,195.9,197.3,200.4,206.7,210.9,215.2,223.0,232.7,240.2,246.7
"2023 Malung-Sälen","totalt","totalt 20+ år","totalt",175.2,184.1,188.8,192.8,199.4,204.3,210.3,216.3,220.3,224.6,231.0,238.7,243.4,249.4,260.6,268.2,275.8,171.5,178.9,183.8,188.6,195.4,199.5,205.7,209.7,213.6,216.3,222.3,227.9,233.2,238.9,250.3,259.4,265.3
"2026 Gagnef","totalt","totalt 20+ år","totalt",187.2,194.2,199.0,205.2,212.4,221.2,229.2,233.4,236.9,243.2,253.1,258.9,264.4,270.8,279.5,287.8,296.1,178.8,184.6,190.4,194.6,202.0,208.6,217.2,220.1,223.1,229.1,240.0,245.9,250.1,255.7,264.9,273.6,281.6
"2029 Leksand","totalt","totalt 20+ år","totalt",186.4,196.0,201.2,207.3,213.7,222.9,230.2,236.1,239.1,245.4,254.5,259.4,265.9,273.0,280.7,285.1,292.1,176.4,183.8,189.2,194.6,201.0,208.0,216.7,222.0,222.7,228.2,235.6,242.3,244.7,253.0,261.7,267.0,272.5
"2031 Rättvik","totalt","totalt 20+ år","totalt",172.6,181.9,186.5,192.4,197.4,206.9,214.5,219.6,222.2,225.0,233.8,240.2,245.9,252.6,261.6,268.4,275.5,164.9,172.6,177.5,181.1,187.1,193.5,200.9,205.8,207.4,209.4,216.5,223.2,225.1,231.2,240.7,249.0,257.2
"2034 Orsa","totalt","totalt 20+ år","totalt",169.5,179.0,183.1,187.4,192.4,196.8,204.2,207.1,207.9,211.9,220.5,226.6,232.9,241.1,251.3,256.0,264.5,166.5,174.4,178.4,181.5,186.2,190.3,196.2,200.1,198.7,200.4,208.5,212.3,215.7,226.0,238.2,241.4,250.1
"2039 Älvdalen","totalt","totalt 20+ år","totalt",167.8,176.8,182.3,186.2,190.3,194.8,201.9,208.0,211.4,216.4,222.7,228.8,234.5,243.3,256.1,259.8,270.6,165.5,172.3,177.4,181.3,185.5,189.8,198.3,203.5,204.5,208.4,212.5,220.2,223.9,231.8,247.1,249.1,257.4
"2061 Smedjebacken","totalt","totalt 20+ år","totalt",192.9,201.1,207.3,215.0,219.4,228.0,237.9,238.6,241.2,247.2,256.1,260.8,265.1,269.8,278.7,288.6,296.5,187.3,195.0,199.2,202.9,208.8,217.0,226.9,229.9,225.8,233.0,241.6,247.1,250.5,255.6,263.1,272.7,280.9
"2062 Mora","totalt","totalt 20+ år","totalt",185.8,195.2,199.7,206.0,211.6,218.7,225.8,230.4,231.2,237.8,244.4,252.8,259.0,265.9,276.6,284.6,291.8,181.7,189.5,194.1,198.6,203.3,209.6,217.7,222.5,222.1,227.3,233.4,240.3,246.5,253.0,263.5,272.4,278.8
"2080 Falun","totalt","totalt 20+ år","totalt",200.6,209.6,215.5,221.8,227.9,237.1,245.8,250.8,251.9,259.0,267.4,273.9,280.2,286.9,295.6,304.1,312.5,188.5,195.8,201.6,206.2,213.4,221.7,231.6,236.9,237.2,242.8,252.1,257.7,263.2,269.8,279.2,287.0,294.9
"2081 Borlänge","totalt","totalt 20+ år","totalt",192.7,200.8,206.8,212.8,218.4,226.2,235.1,238.1,238.5,242.4,250.6,256.7,262.1,268.0,275.2,283.2,290.6,185.9,193.2,199.2,203.7,210.0,217.9,227.0,230.9,231.0,233.6,240.0,246.9,250.7,257.6,264.7,271.8,278.2
"2082 Säter","totalt","totalt 20+ år","totalt",186.7,195.6,200.7,206.1,211.2,220.6,229.3,235.3,238.9,243.6,251.9,258.8,265.6,274.0,284.9,291.8,299.1,183.5,189.8,196.1,201.0,206.8,213.6,224.0,229.6,232.7,235.2,242.8,249.7,254.5,261.6,272.7,280.1,286.3
"2083 Hedemora","totalt","totalt 20+ år","totalt",183.7,192.0,197.7,201.5,207.4,216.7,224.0,228.0,230.3,236.9,244.1,247.3,253.3,259.0,267.5,272.6,280.2,178.3,185.0,191.2,193.5,198.9,206.7,214.9,219.2,221.2,225.0,230.5,233.6,238.1,243.6,253.4,257.2,264.5
"2084 Avesta","totalt","totalt 20+ år","totalt",193.5,202.7,207.9,212.9,218.1,225.2,231.8,234.7,239.6,245.6,254.0,258.6,261.8,265.3,269.7,277.1,285.7,185.1,193.7,198.3,202.1,207.7,213.4,222.4,227.7,228.6,234.1,242.0,245.4,246.3,248.9,255.7,261.0,268.0
"2085 Ludvika","totalt","totalt 20+ år","totalt",190.5,198.8,203.6,208.7,214.1,223.1,231.1,237.8,238.4,244.1,253.3,260.1,265.2,269.4,275.8,282.5,287.7,180.4,187.7,191.8,195.6,201.5,209.6,218.7,225.6,225.8,228.5,237.4,245.7,247.3,253.0,258.2,264.6,270.1
"2101 Ockelbo","totalt","totalt 20+ år","totalt",176.6,186.4,192.4,200.0,206.4,212.9,222.6,222.9,226.3,230.4,237.1,242.7,245.5,249.9,255.2,263.6,270.7,168.6,177.7,182.1,186.9,193.7,198.9,210.1,213.6,215.1,214.5,222.2,227.1,227.8,232.6,238.6,247.0,250.5
"2104 Hofors","totalt","totalt 20+ år","totalt",192.3,201.6,207.0,212.3,220.3,228.2,239.5,233.4,235.9,244.8,250.8,254.9,263.3,268.5,276.3,284.7,293.2,186.5,193.7,198.9,203.8,209.8,215.7,226.8,227.9,228.6,232.2,239.2,244.6,249.6,253.5,263.6,271.1,276.8
"2121 Ovanåker","totalt","totalt 20+ år","totalt",173.0,182.3,188.1,194.0,201.8,209.2,216.8,218.2,220.4,226.1,230.6,235.9,239.3,246.0,253.7,263.0,270.2,169.6,177.9,183.7,189.4,197.0,203.8,212.2,213.3,214.0,221.7,226.8,229.6,230.4,239.9,247.0,255.0,262.0
"2132 Nordanstig","totalt","totalt 20+ år","totalt",174.8,184.8,188.3,192.9,197.8,204.6,210.9,214.6,216.4,222.6,228.8,233.8,239.9,247.2,256.2,263.1,269.0,170.2,176.7,181.0,183.6,189.1,195.7,202.7,205.4,206.3,210.3,216.4,221.0,225.9,233.4,242.3,250.2,254.1
"2161 Ljusdal","totalt","totalt 20+ år","totalt",175.9,184.5,189.0,194.8,199.0,205.1,212.8,216.0,218.6,223.6,231.3,237.3,242.3,247.0,255.0,262.2,270.4,171.5,178.8,182.5,186.3,191.5,196.1,203.2,206.7,205.7,210.6,218.5,224.4,227.4,232.0,240.5,245.9,253.2
"2180 Gävle","totalt","totalt 20+ år","totalt",198.1,206.4,211.5,217.9,224.6,233.1,243.3,247.5,252.9,257.1,262.4,269.0,273.5,280.3,290.5,299.4,307.7,187.6,194.5,198.5,203.9,210.5,218.5,228.8,234.9,237.0,240.2,245.4,251.8,254.9,261.5,272.5,281.1,288.8
"2181 Sandviken","totalt","totalt 20+ år","totalt",198.2,207.1,212.6,221.8,229.7,237.5,244.0,239.9,244.8,253.7,259.7,263.3,266.5,272.9,279.8,285.3,291.4,187.6,196.2,201.7,206.8,212.3,219.1,228.7,230.1,230.3,234.9,240.6,245.8,247.9,251.7,258.1,262.8,269.4
"2182 Söderhamn","totalt","totalt 20+ år","totalt",184.5,192.8,196.8,200.4,204.0,211.9,218.8,222.7,226.7,232.6,239.4,244.6,247.8,254.5,263.3,270.7,277.6,177.0,182.6,185.9,188.0,192.2,197.8,205.2,210.6,210.9,216.0,221.9,228.8,230.7,234.9,245.5,252.4,258.4
"2183 Bollnäs","totalt","totalt 20+ år","totalt",179.4,188.1,193.7,197.1,202.7,210.5,219.1,223.0,223.6,228.7,235.6,241.5,244.4,250.5,257.9,266.4,274.3,173.3,180.8,185.0,188.2,193.5,200.4,210.3,213.0,212.9,218.3,224.5,229.6,231.5,236.3,244.3,252.7,258.7
"2184 Hudiksvall","totalt","totalt 20+ år","totalt",187.3,196.0,201.1,206.1,211.3,220.7,227.2,232.6,235.3,242.5,249.1,256.9,262.0,268.2,276.1,286.0,293.9,178.2,184.4,188.9,193.0,198.4,206.4,215.3,219.8,221.7,226.5,233.2,240.5,243.2,248.9,256.2,266.4,274.2
"2260 Ånge","totalt","totalt 20+ år","totalt",178.8,187.2,191.8,198.6,202.6,208.3,216.7,221.9,224.2,230.9,239.6,242.3,247.6,251.2,262.1,268.7,277.8,173.9,179.5,184.9,189.8,193.4,198.8,208.0,212.1,213.5,218.8,226.1,229.1,234.2,238.9,249.7,254.5,262.1
"2262 Timrå","totalt","totalt 20+ år","totalt",199.8,207.6,211.8,217.3,223.2,232.5,238.3,240.5,242.8,248.5,255.9,260.9,265.5,271.6,282.9,291.6,298.2,191.4,197.6,201.6,206.3,211.0,218.2,227.0,232.0,232.9,236.8,243.3,248.9,252.3,260.0,269.8,279.6,285.7
"2280 Härnösand","totalt","totalt 20+ år","totalt",190.7,198.5,203.6,208.4,213.4,220.3,229.2,234.2,235.8,240.3,246.0,251.8,255.8,260.2,268.5,275.5,281.7,184.8,191.4,195.8,199.9,204.1,210.7,219.6,225.4,224.2,227.5,232.5,237.6,239.3,242.5,252.2,257.7,264.5
"2281 Sundsvall","totalt","totalt 20+ år","totalt",207.5,215.2,220.4,226.8,233.6,241.0,250.8,254.3,257.0,263.2,270.8,278.2,283.6,290.7,301.1,309.5,318.9,194.2,201.2,206.6,211.3,217.9,225.4,235.0,240.1,242.3,247.4,254.6,261.8,266.2,273.4,282.9,291.6,300.8
"2282 Kramfors","totalt","totalt 20+ år","totalt",176.9,186.1,191.1,196.8,201.9,209.0,216.6,220.1,222.8,227.5,235.6,240.6,246.1,251.6,257.7,264.1,270.8,173.1,180.6,184.3,189.3,194.6,200.1,207.3,210.7,211.1,212.8,219.6,226.3,229.1,235.3,242.1,249.9,253.7
"2283 Sollefteå","totalt","totalt 20+ år","totalt",178.4,186.6,191.7,197.0,202.0,207.5,214.7,219.3,220.3,224.6,232.9,239.6,244.4,248.4,257.2,263.3,269.3,172.0,178.7,183.4,187.2,192.0,197.5,204.9,209.0,208.0,210.5,217.3,223.7,225.5,230.5,239.9,246.9,252.1
"2284 Örnsköldsvik","totalt","totalt 20+ år","totalt",193.0,202.1,209.4,216.1,222.4,231.3,240.3,245.4,247.4,254.3,262.3,268.6,274.5,281.9,291.0,296.0,304.2,185.7,193.1,198.9,204.3,210.9,218.4,228.2,234.1,234.2,238.3,245.9,251.9,255.6,264.0,272.8,278.0,285.2
"2303 Ragunda","totalt","totalt 20+ år","totalt",171.1,181.3,187.9,191.7,196.2,204.4,210.9,213.3,214.8,219.2,225.3,231.3,236.6,241.1,248.8,256.0,261.9,166.3,174.7,180.4,183.1,186.8,194.1,201.2,200.5,200.3,201.3,208.8,216.9,222.1,225.4,234.2,240.8,244.9
"2305 Bräcke","totalt","totalt 20+ år","totalt",172.9,182.6,187.3,192.7,196.2,202.6,208.8,212.5,214.5,218.3,226.9,232.9,236.9,240.6,247.8,255.5,261.3,170.1,177.4,181.1,186.1,190.5,194.4,202.0,206.5,205.5,206.9,213.7,218.0,220.7,225.7,234.4,240.7,245.4
"2309 Krokom","totalt","totalt 20+ år","totalt",185.0,194.3,200.1,204.2,210.9,218.6,226.5,232.5,235.8,241.8,250.4,258.8,264.3,270.4,281.1,290.7,300.5,179.1,184.4,190.7,194.5,201.6,209.5,218.1,223.5,225.9,231.6,241.1,249.6,255.4,260.0,271.3,281.0,290.8
"2313 Strömsund","totalt","totalt 20+ år","totalt",167.4,175.9,181.6,186.9,192.9,198.6,206.1,207.7,211.3,214.9,223.2,229.2,233.9,239.6,247.6,253.6,261.1,163.7,169.9,175.7,179.7,186.0,190.4,196.1,199.1,200.2,203.2,211.2,217.0,218.1,224.2,230.3,236.5,243.5
"2321 Åre","totalt","totalt 20+ år","totalt",171.6,180.3,187.0,195.1,202.0,209.9,215.5,219.6,224.2,229.6,235.5,239.7,244.8,252.7,263.9,273.7,281.7,167.6,175.1,181.0,187.5,194.7,201.9,207.6,211.2,216.1,219.9,226.3,232.8,233.8,241.5,253.6,264.4,272.8
"2326 Berg","totalt","totalt 20+ år","totalt",166.1,175.4,180.0,185.8,191.1,198.1,205.2,209.5,209.2,213.1,220.4,227.1,234.4,238.9,248.1,254.8,261.9,161.9,168.1,172.9,177.4,182.8,190.9,196.2,200.6,196.8,199.8,208.7,215.3,221.1,225.2,235.4,238.6,244.7
"2361 Härjedalen","totalt","totalt 20+ år","totalt",171.2,179.7,184.6,190.3,194.7,202.6,208.5,212.9,215.4,221.0,227.4,233.5,238.1,245.0,256.9,265.1,271.1,167.3,173.6,176.9,180.3,184.0,191.6,198.5,202.9,202.3,207.9,215.2,221.0,223.5,231.3,242.4,250.2,252.9
"2380 Östersund","totalt","totalt 20+ år","totalt",195.2,202.4,207.8,213.1,218.9,227.0,235.5,239.3,240.9,245.7,253.0,260.2,265.2,272.5,282.3,290.6,299.7,187.2,193.2,198.1,201.9,208.3,216.8,225.6,229.7,230.4,234.7,241.5,248.3,250.9,257.5,266.5,275.7,284.4
"2401 Nordmaling","totalt","totalt 20+ år","totalt",178.4,186.4,191.2,199.1,204.3,212.8,222.7,222.8,229.1,232.2,236.4,241.8,247.1,255.1,265.0,270.8,278.5,173.2,178.8,181.6,187.0,192.4,200.8,209.9,211.5,215.5,217.8,222.6,227.4,230.8,239.4,249.0,257.0,264.3
"2403 Bjurholm","totalt","totalt 20+ år","totalt",165.0,175.5,179.5,183.9,187.7,192.5,197.3,204.6,208.2,211.5,218.5,224.4,228.7,236.8,247.0,255.1,260.4,158.8,166.6,170.0,174.3,177.0,179.8,185.1,192.6,191.3,196.0,201.2,211.7,209.6,219.6,227.4,235.5,239.6
"2404 Vindeln","totalt","totalt 20+ år","totalt",171.4,179.8,185.5,191.9,198.1,206.7,214.5,215.7,218.0,225.9,234.5,240.9,244.3,248.0,257.6,266.1,275.0,163.4,171.9,177.4,182.0,187.2,194.3,205.1,205.3,205.7,213.9,222.0,230.7,230.2,235.5,247.3,253.0,261.1
"2409 Robertsfors","totalt","totalt 20+ år","totalt",177.6,186.9,192.8,198.8,203.3,214.2,220.8,223.6,225.6,232.0,239.3,246.4,251.0,257.4,262.7,269.1,278.6,174.4,181.7,186.2,192.4,196.3,205.4,214.3,217.7,217.9,222.6,230.8,238.9,241.9,246.2,252.3,260.0,268.9
"2417 Norsjö","totalt","totalt 20+ år","totalt",174.5,185.2,190.2,195.8,201.7,212.4,216.5,220.0,222.0,228.1,239.6,245.1,248.8,253.1,263.3,267.0,274.1,172.2,182.3,186.2,190.1,195.5,201.7,209.0,212.4,213.4,216.5,228.9,233.9,238.2,239.5,251.5,254.5,262.3
"2418 Malå","totalt","totalt 20+ år","totalt",187.7,196.1,201.9,207.9,214.0,223.3,227.0,231.3,235.5,241.1,251.2,255.9,258.3,266.0,276.0,282.5,288.2,182.1,191.2,195.2,200.6,208.9,216.0,221.0,224.4,225.7,228.6,239.2,243.6,248.5,250.9,264.0,269.7,275.8
"2421 Storuman","totalt","totalt 20+ år","totalt",170.1,178.6,182.4,187.3,194.1,202.1,209.5,215.4,220.3,227.0,230.2,234.9,239.6,245.7,256.7,263.4,268.9,166.4,172.0,176.3,179.7,186.1,193.7,200.2,205.5,208.5,212.4,215.4,221.2,223.6,229.9,240.4,249.4,252.0
"2422 Sorsele","totalt","totalt 20+ år","totalt",166.1,175.5,180.3,185.9,191.5,197.6,205.1,208.3,210.6,217.2,222.7,231.6,237.3,245.8,254.5,261.4,269.5,161.7,171.5,173.4,177.5,184.9,191.2,198.8,201.4,199.2,203.8,209.2,219.5,224.9,233.5,248.7,251.4,264.5
"2425 Dorotea","totalt","totalt 20+ år","totalt",166.4,175.9,184.1,187.6,192.2,199.7,207.2,211.3,214.1,218.9,225.6,227.4,233.8,242.0,248.0,254.9,263.6,164.1,172.8,178.4,181.1,188.1,194.6,201.8,203.8,203.3,206.5,215.9,217.6,222.5,228.4,237.2,239.5,246.7
"2460 Vännäs","totalt","totalt 20+ år","totalt",185.6,193.6,200.0,205.8,212.0,222.0,231.7,236.4,239.3,246.2,251.4,258.5,265.1,272.1,279.4,285.5,292.3,179.5,185.4,190.7,195.6,201.6,210.4,220.6,226.5,229.1,233.6,238.6,246.5,250.2,257.4,265.7,270.8,277.8
"2462 Vilhelmina","totalt","totalt 20+ år","totalt",169.9,178.2,181.7,187.3,192.6,197.3,204.5,209.1,209.7,213.2,221.5,226.3,232.5,237.5,247.6,253.7,263.9,166.4,172.4,175.6,178.8,185.6,190.2,196.9,201.7,201.0,201.9,210.3,216.1,220.4,225.8,237.2,244.0,250.8
"2463 Åsele","totalt","totalt 20+ år","totalt",167.3,175.7,178.0,182.7,186.5,192.5,200.8,206.0,209.9,214.3,222.4,228.3,233.9,236.9,247.8,248.8,256.3,160.3,168.9,171.0,173.3,176.6,182.6,190.4,192.8,195.1,195.7,202.8,210.5,214.5,219.0,226.7,228.5,234.5
"2480 Umeå","totalt","totalt 20+ år","totalt",193.7,200.1,206.3,212.0,217.8,228.0,237.8,242.1,245.5,253.1,260.7,267.4,273.7,280.6,290.2,297.7,305.6,189.0,195.3,200.6,205.1,212.1,221.3,231.1,236.1,237.7,243.1,250.4,256.8,261.4,267.9,277.5,285.2,293.0
"2481 Lycksele","totalt","totalt 20+ år","totalt",183.2,191.3,196.8,201.4,207.5,216.6,224.4,229.4,233.0,240.1,249.7,252.4,257.9,263.3,271.8,277.7,285.9,178.9,186.0,190.2,193.9,200.0,207.9,217.4,220.5,223.7,228.8,238.1,239.7,243.6,249.3,257.7,262.0,272.0
"2482 Skellefteå","totalt","totalt 20+ år","totalt",190.6,198.1,203.5,210.6,215.8,225.9,235.2,239.3,242.5,248.6,257.7,263.9,268.2,275.8,285.9,294.2,302.6,183.4,189.5,194.9,200.0,206.5,215.5,225.4,229.8,232.2,237.6,245.6,251.0,254.5,262.7,272.5,281.2,288.9
"2505 Arvidsjaur","totalt","totalt 20+ år","totalt",179.5,188.1,194.1,198.7,207.6,212.0,220.8,227.6,232.3,237.8,246.4,253.0,255.6,262.5,272.4,281.6,289.2,175.0,182.6,188.3,191.0,198.3,203.1,213.5,220.1,222.9,226.5,234.4,240.2,245.0,251.2,262.8,265.8,276.0
"2506 Arjeplog","totalt","totalt 20+ år","totalt",174.0,183.9,187.5,191.4,196.7,203.8,212.7,221.7,226.1,230.3,242.4,246.8,253.1,260.3,270.6,276.8,281.7,170.9,175.8,179.3,181.5,189.1,193.6,202.3,211.7,213.9,215.7,225.8,230.9,236.8,244.0,257.1,263.4,266.2
"2510 Jokkmokk","totalt","totalt 20+ år","totalt",176.3,187.3,193.8,200.5,203.1,210.6,218.1,225.4,226.3,232.3,242.0,252.0,257.3,261.8,272.3,276.6,286.0,171.8,179.3,185.9,189.0,193.0,199.4,207.0,213.1,213.6,217.1,223.1,233.0,237.3,242.4,253.0,257.2,265.8
"2513 Överkalix","totalt","totalt 20+ år","totalt",170.8,179.6,183.7,187.5,194.2,201.2,210.0,214.0,215.3,221.4,232.1,237.9,244.1,251.0,259.9,263.0,269.3,165.0,172.8,177.3,178.9,185.9,193.0,199.3,202.6,200.5,204.5,214.6,219.9,223.7,232.7,240.0,243.8,251.8
"2514 Kalix","totalt","totalt 20+ år","totalt",187.3,195.1,199.2,202.6,210.5,218.5,225.8,230.6,234.0,239.0,248.1,255.7,260.4,267.6,275.9,283.9,291.1,179.2,186.5,189.9,192.4,199.8,207.4,215.8,220.0,221.4,224.0,232.2,239.1,242.7,249.4,258.4,266.4,274.4
"2518 Övertorneå","totalt","totalt 20+ år","totalt",164.2,173.3,178.9,183.0,189.8,196.7,204.0,206.3,210.0,217.5,226.3,229.8,233.5,240.3,247.1,252.9,260.6,161.2,170.3,175.6,179.5,184.6,190.7,200.0,199.1,201.5,205.6,213.3,217.1,217.3,223.1,231.9,236.6,239.3
"2521 Pajala","totalt","totalt 20+ år","totalt",163.4,172.9,176.9,181.4,188.0,195.6,203.5,208.6,215.6,222.6,235.2,243.2,253.3,249.6,256.4,260.2,269.7,159.7,168.1,171.2,175.1,180.6,185.5,192.0,197.3,199.2,204.9,217.0,228.5,234.4,227.9,240.0,240.5,247.9
"2523 Gällivare","totalt","totalt 20+ år","totalt",197.9,206.0,213.4,221.5,231.1,241.3,252.3,256.5,268.8,277.6,290.2,299.6,304.7,310.3,318.8,324.9,338.3,193.3,199.7,206.5,212.0,219.1,228.7,240.9,245.3,252.1,259.9,270.4,279.2,285.8,294.2,304.8,313.4,324.8
"2560 Älvsbyn","totalt","totalt 20+ år","totalt",180.4,189.1,194.4,198.5,205.1,210.8,221.3,224.8,226.3,231.7,241.1,246.1,251.3,258.8,267.6,274.0,281.6,174.6,182.0,186.6,188.8,194.7,199.5,207.8,213.7,212.9,217.5,224.8,231.1,235.8,242.2,253.3,257.4,265.8
"2580 Luleå","totalt","totalt 20+ år","totalt",199.3,206.6,211.5,217.5,224.1,233.8,243.7,247.1,252.2,258.2,266.9,275.7,282.1,289.5,298.6,306.4,315.0,192.0,197.3,203.1,207.3,213.7,221.8,232.1,237.0,240.4,245.2,254.1,262.5,267.5,275.2,284.8,291.9,300.0
"2581 Piteå","totalt","totalt 20+ år","totalt",195.8,203.3,207.7,213.2,221.1,230.9,240.2,244.5,247.7,253.5,262.0,268.8,274.7,283.5,293.0,300.8,309.1,187.6,193.5,198.3,202.7,209.8,218.0,228.1,233.8,236.3,240.1,248.8,255.0,259.8,268.2,278.5,287.0,295.0
"2582 Boden","totalt","totalt 20+ år","totalt",194.0,201.8,206.8,211.7,217.3,225.2,234.3,239.0,242.4,246.9,256.6,262.9,268.7,275.9,285.5,293.8,302.3,185.7,192.3,197.7,201.4,206.1,213.7,223.9,229.4,228.9,233.9,242.8,249.2,255.2,261.3,271.2,278.0,286.2
"2583 Haparanda","totalt","totalt 20+ år","totalt",166.1,174.0,179.2,184.2,190.0,198.3,204.2,208.1,209.5,214.4,223.3,226.7,230.9,235.0,244.2,250.5,257.6,163.4,170.5,175.4,178.2,183.4,191.6,194.5,198.9,197.6,198.9,208.7,212.0,213.2,215.9,226.4,230.4,235.6
"2584 Kiruna","totalt","totalt 20+ år","totalt",205.8,212.5,220.8,229.7,241.0,251.9,263.1,265.3,278.4,290.4,304.1,312.5,316.4,319.4,324.4,329.8,339.8,199.7,205.3,211.8,219.0,228.4,239.7,251.3,254.8,263.8,274.6,289.7,297.2,302.6,307.6,315.5,319.7,328.5
